rb,layers,mcs,mod_order,code_rate,k_bits,n_bits,batch,throughput_mbps,abs_nj_per_bit,net_nj_per_bit,p50_us,p99_us,p99_9_us,p99_99_us,p99_999_us,power_mean_w,ugpu_mean,success,command,error
75,4,10,4,0.33203125,47812,144000,1,452.34660452194356,100.86868170894124,16.255199190609417,228.822,234.715,252.443,279.765,307.873,51.57472610473633,94.17415618896484,True,/usr/bin/python3 ldpc_bench_3.4_tbs_latency.py --K 47812 --code_rate 0.33203125 --rv 0 --num_iterations 5 --num_prb 75 --num_symbols 12 --start_sym 0 --num_layers 4 --mod_order 4 --batches 1 --num_streams 1 --mode both --target_sec 6.0 --gpu 0 --warmup_iters 50 --lat_samples 400000 --lat_discard 50 --lat_trim_us 1000.0 --latency-clock both --include-h2d 1 --idle_per_batch_sec 0.0 --nvml_interval_ms 10 --out_dir QEF_GPU_eMBB_h2d_5iter_4layer/points/rb75_ly4_mcs10 --save_json 1 --save_latency_npy 0,
75,4,11,4,0.369140625,53156,144000,1,543.4567298213391,83.76329530954922,13.335201565035334,200.364,206.153,223.331,253.288,271.584,51.52935791015625,93.47269439697266,True,/usr/bin/python3 ldpc_bench_3.4_tbs_latency.py --K 53156 --code_rate 0.369140625 --rv 0 --num_iterations 5 --num_prb 75 --num_symbols 12 --start_sym 0 --num_layers 4 --mod_order 4 --batches 1 --num_streams 1 --mode both --target_sec 6.0 --gpu 0 --warmup_iters 50 --lat_samples 400000 --lat_discard 50 --lat_trim_us 1000.0 --latency-clock both --include-h2d 1 --idle_per_batch_sec 0.0 --nvml_interval_ms 10 --out_dir QEF_GPU_eMBB_h2d_5iter_4layer/points/rb75_ly4_mcs11 --save_json 1 --save_latency_npy 0,
75,4,12,4,0.423828125,61031,144000,1,470.70696616273995,96.29582485007761,14.982769668499216,234.946,240.783,257.918,271.094,292.534,51.289710998535156,92.9176025390625,True,/usr/bin/python3 ldpc_bench_3.4_tbs_latency.py --K 61031 --code_rate 0.423828125 --rv 0 --num_iterations 5 --num_prb 75 --num_symbols 12 --start_sym 0 --num_layers 4 --mod_order 4 --batches 1 --num_streams 1 --mode both --target_sec 6.0 --gpu 0 --warmup_iters 50 --lat_samples 400000 --lat_discard 50 --lat_trim_us 1000.0 --latency-clock both --include-h2d 1 --idle_per_batch_sec 0.0 --nvml_interval_ms 10 --out_dir QEF_GPU_eMBB_h2d_5iter_4layer/points/rb75_ly4_mcs12 --save_json 1 --save_latency_npy 0,
75,4,13,4,0.478515625,68906,144000,1,566.2794806989771,79.72967031480813,12.14003866031021,223.988,229.824,246.014,271.663,282.633,51.16649627685547,94.16322326660156,True,/usr/bin/python3 ldpc_bench_3.4_tbs_latency.py --K 68906 --code_rate 0.478515625 --rv 0 --num_iterations 5 --num_prb 75 --num_symbols 12 --start_sym 0 --num_layers 4 --mod_order 4 --batches 1 --num_streams 1 --mode both --target_sec 6.0 --gpu 0 --warmup_iters 50 --lat_samples 400000 --lat_discard 50 --lat_trim_us 1000.0 --latency-clock both --include-h2d 1 --idle_per_batch_sec 0.0 --nvml_interval_ms 10 --out_dir QEF_GPU_eMBB_h2d_5iter_4layer/points/rb75_ly4_mcs13 --save_json 1 --save_latency_npy 0,
75,4,14,4,0.5400390625,77765,144000,1,734.5626359416195,61.38401781973793,9.278697400219393,206.898,212.593,228.448,248.214,263.966,51.25776290893555,92.76271057128906,True,/usr/bin/python3 ldpc_bench_3.4_tbs_latency.py --K 77765 --code_rate 0.5400390625 --rv 0 --num_iterations 5 --num_prb 75 --num_symbols 12 --start_sym 0 --num_layers 4 --mod_order 4 --batches 1 --num_streams 1 --mode both --target_sec 6.0 --gpu 0 --warmup_iters 50 --lat_samples 400000 --lat_discard 50 --lat_trim_us 1000.0 --latency-clock both --include-h2d 1 --idle_per_batch_sec 0.0 --nvml_interval_ms 10 --out_dir QEF_GPU_eMBB_h2d_5iter_4layer/points/rb75_ly4_mcs14 --save_json 1 --save_latency_npy 0,
75,4,15,4,0.6015625,86625,144000,1,887.4757893307761,51.214930628884154,8.087420026249923,199.191,204.877,220.697,241.354,262.238,51.35859298706055,92.4606704711914,True,/usr/bin/python3 ldpc_bench_3.4_tbs_latency.py --K 86625 --code_rate 0.6015625 --rv 0 --num_iterations 5 --num_prb 75 --num_symbols 12 --start_sym 0 --num_layers 4 --mod_order 4 --batches 1 --num_streams 1 --mode both --target_sec 6.0 --gpu 0 --warmup_iters 50 --lat_samples 400000 --lat_discard 50 --lat_trim_us 1000.0 --latency-clock both --include-h2d 1 --idle_per_batch_sec 0.0 --nvml_interval_ms 10 --out_dir QEF_GPU_eMBB_h2d_5iter_4layer/points/rb75_ly4_mcs15 --save_json 1 --save_latency_npy 0,
75,4,16,4,0.642578125,92531,144000,1,958.8057885414112,47.37093793606978,7.451882407452544,197.209,203.031,219.196,244.148,257.437,51.413509368896484,90.84368896484375,True,/usr/bin/python3 ldpc_bench_3.4_tbs_latency.py --K 92531 --code_rate 0.642578125 --rv 0 --num_iterations 5 --num_prb 75 --num_symbols 12 --start_sym 0 --num_layers 4 --mod_order 4 --batches 1 --num_streams 1 --mode both --target_sec 6.0 --gpu 0 --warmup_iters 50 --lat_samples 400000 --lat_discard 50 --lat_trim_us 1000.0 --latency-clock both --include-h2d 1 --idle_per_batch_sec 0.0 --nvml_interval_ms 10 --out_dir QEF_GPU_eMBB_h2d_5iter_4layer/points/rb75_ly4_mcs16 --save_json 1 --save_latency_npy 0,
75,4,17,6,0.427734375,92390,216000,1,687.750794138324,66.90485747592025,11.252982058025438,260.542,266.504,282.999,309.375,319.85,51.979766845703125,92.2467269897461,True,/usr/bin/python3 ldpc_bench_3.4_tbs_latency.py --K 92390 --code_rate 0.427734375 --rv 0 --num_iterations 5 --num_prb 75 --num_symbols 12 --start_sym 0 --num_layers 4 --mod_order 6 --batches 1 --num_streams 1 --mode both --target_sec 6.0 --gpu 0 --warmup_iters 50 --lat_samples 400000 --lat_discard 50 --lat_trim_us 1000.0 --latency-clock both --include-h2d 1 --idle_per_batch_sec 0.0 --nvml_interval_ms 10 --out_dir QEF_GPU_eMBB_h2d_5iter_4layer/points/rb75_ly4_mcs17 --save_json 1 --save_latency_npy 0,
75,4,18,6,0.455078125,98296,216000,1,766.0559493815467,59.97857125637641,10.01535180113408,255.459,261.504,278.503,309.303,328.242,51.98723602294922,93.14606475830078,True,/usr/bin/python3 ldpc_bench_3.4_tbs_latency.py --K 98296 --code_rate 0.455078125 --rv 0 --num_iterations 5 --num_prb 75 --num_symbols 12 --start_sym 0 --num_layers 4 --mod_order 6 --batches 1 --num_streams 1 --mode both --target_sec 6.0 --gpu 0 --warmup_iters 50 --lat_samples 400000 --lat_discard 50 --lat_trim_us 1000.0 --latency-clock both --include-h2d 1 --idle_per_batch_sec 0.0 --nvml_interval_ms 10 --out_dir QEF_GPU_eMBB_h2d_5iter_4layer/points/rb75_ly4_mcs18 --save_json 1 --save_latency_npy 0,
75,4,19,6,0.5048828125,109054,216000,1,880.9374522589752,52.02859350764992,8.580989576409209,249.759,255.597,273.35,293.379,306.529,51.850006103515625,91.77528381347656,True,/usr/bin/python3 ldpc_bench_3.4_tbs_latency.py --K 109054 --code_rate 0.5048828125 --rv 0 --num_iterations 5 --num_prb 75 --num_symbols 12 --start_sym 0 --num_layers 4 --mod_order 6 --batches 1 --num_streams 1 --mode both --target_sec 6.0 --gpu 0 --warmup_iters 50 --lat_samples 400000 --lat_discard 50 --lat_trim_us 1000.0 --latency-clock both --include-h2d 1 --idle_per_batch_sec 0.0 --nvml_interval_ms 10 --out_dir QEF_GPU_eMBB_h2d_5iter_4layer/points/rb75_ly4_mcs19 --save_json 1 --save_latency_npy 0,
75,4,20,6,0.5537109375,119601,216000,1,1115.3757367282278,41.28830878000553,6.9728577139669525,232.608,238.407,255.993,279.986,294.75,52.05896759033203,92.42134857177734,True,/usr/bin/python3 ldpc_bench_3.4_tbs_latency.py --K 119601 --code_rate 0.5537109375 --rv 0 --num_iterations 5 --num_prb 75 --num_symbols 12 --start_sym 0 --num_layers 4 --mod_order 6 --batches 1 --num_streams 1 --mode both --target_sec 6.0 --gpu 0 --warmup_iters 50 --lat_samples 400000 --lat_discard 50 --lat_trim_us 1000.0 --latency-clock both --include-h2d 1 --idle_per_batch_sec 0.0 --nvml_interval_ms 10 --out_dir QEF_GPU_eMBB_h2d_5iter_4layer/points/rb75_ly4_mcs20 --save_json 1 --save_latency_npy 0,
75,4,21,6,0.6015625,129937,216000,1,1285.0287561952243,35.77771276088386,5.992681624872873,224.434,230.33,248.122,271.824,290.162,51.86117172241211,92.1327133178711,True,/usr/bin/python3 ldpc_bench_3.4_tbs_latency.py --K 129937 --code_rate 0.6015625 --rv 0 --num_iterations 5 --num_prb 75 --num_symbols 12 --start_sym 0 --num_layers 4 --mod_order 6 --batches 1 --num_streams 1 --mode both --target_sec 6.0 --gpu 0 --warmup_iters 50 --lat_samples 400000 --lat_discard 50 --lat_trim_us 1000.0 --latency-clock both --include-h2d 1 --idle_per_batch_sec 0.0 --nvml_interval_ms 10 --out_dir QEF_GPU_eMBB_h2d_5iter_4layer/points/rb75_ly4_mcs21 --save_json 1 --save_latency_npy 0,
75,4,22,6,0.650390625,140484,216000,1,1410.919950007959,32.54938393227685,5.421961491529359,224.397,230.266,247.335,270.787,293.951,51.99597930908203,92.90431213378906,True,/usr/bin/python3 ldpc_bench_3.4_tbs_latency.py --K 140484 --code_rate 0.650390625 --rv 0 --num_iterations 5 --num_prb 75 --num_symbols 12 --start_sym 0 --num_layers 4 --mod_order 6 --batches 1 --num_streams 1 --mode both --target_sec 6.0 --gpu 0 --warmup_iters 50 --lat_samples 400000 --lat_discard 50 --lat_trim_us 1000.0 --latency-clock both --include-h2d 1 --idle_per_batch_sec 0.0 --nvml_interval_ms 10 --out_dir QEF_GPU_eMBB_h2d_5iter_4layer/points/rb75_ly4_mcs22 --save_json 1 --save_latency_npy 0,
75,4,23,6,0.7021484375,151664,216000,1,1583.6083753880948,29.006342844875064,4.83709613666397,219.757,225.53,243.298,266.254,300.337,51.89801025390625,89.7556381225586,True,/usr/bin/python3 ldpc_bench_3.4_tbs_latency.py --K 151664 --code_rate 0.7021484375 --rv 0 --num_iterations 5 --num_prb 75 --num_symbols 12 --start_sym 0 --num_layers 4 --mod_order 6 --batches 1 --num_streams 1 --mode both --target_sec 6.0 --gpu 0 --warmup_iters 50 --lat_samples 400000 --lat_discard 50 --lat_trim_us 1000.0 --latency-clock both --include-h2d 1 --idle_per_batch_sec 0.0 --nvml_interval_ms 10 --out_dir QEF_GPU_eMBB_h2d_5iter_4layer/points/rb75_ly4_mcs23 --save_json 1 --save_latency_npy 0,
75,4,24,6,0.75390625,162843,216000,1,1674.0047709323828,27.38269089453317,4.518585499764114,214.068,219.753,236.986,258.334,268.415,51.79042434692383,86.15225219726562,True,/usr/bin/python3 ldpc_bench_3.4_tbs_latency.py --K 162843 --code_rate 0.75390625 --rv 0 --num_iterations 5 --num_prb 75 --num_symbols 12 --start_sym 0 --num_layers 4 --mod_order 6 --batches 1 --num_streams 1 --mode both --target_sec 6.0 --gpu 0 --warmup_iters 50 --lat_samples 400000 --lat_discard 50 --lat_trim_us 1000.0 --latency-clock both --include-h2d 1 --idle_per_batch_sec 0.0 --nvml_interval_ms 10 --out_dir QEF_GPU_eMBB_h2d_5iter_4layer/points/rb75_ly4_mcs24 --save_json 1 --save_latency_npy 0,
75,4,25,6,0.802734375,173390,216000,1,1779.2651375686767,25.809035719749644,4.297558477945433,214.485,220.413,238.215,259.951,284.154,51.981441497802734,83.72881317138672,True,/usr/bin/python3 ldpc_bench_3.4_tbs_latency.py --K 173390 --code_rate 0.802734375 --rv 0 --num_iterations 5 --num_prb 75 --num_symbols 12 --start_sym 0 --num_layers 4 --mod_order 6 --batches 1 --num_streams 1 --mode both --target_sec 6.0 --gpu 0 --warmup_iters 50 --lat_samples 400000 --lat_discard 50 --lat_trim_us 1000.0 --latency-clock both --include-h2d 1 --idle_per_batch_sec 0.0 --nvml_interval_ms 10 --out_dir QEF_GPU_eMBB_h2d_5iter_4layer/points/rb75_ly4_mcs25 --save_json 1 --save_latency_npy 0,
75,4,26,6,0.8525390625,184148,216000,1,1873.4252956894225,24.41289279579722,3.982603100226985,210.908,216.78,234.01,257.554,277.574,51.869110107421875,80.82075500488281,True,/usr/bin/python3 ldpc_bench_3.4_tbs_latency.py --K 184148 --code_rate 0.8525390625 --rv 0 --num_iterations 5 --num_prb 75 --num_symbols 12 --start_sym 0 --num_layers 4 --mod_order 6 --batches 1 --num_streams 1 --mode both --target_sec 6.0 --gpu 0 --warmup_iters 50 --lat_samples 400000 --lat_discard 50 --lat_trim_us 1000.0 --latency-clock both --include-h2d 1 --idle_per_batch_sec 0.0 --nvml_interval_ms 10 --out_dir QEF_GPU_eMBB_h2d_5iter_4layer/points/rb75_ly4_mcs26 --save_json 1 --save_latency_npy 0,
75,4,27,6,0.888671875,191953,216000,1,1990.9476629446356,23.10931432983387,3.8849910458477908,207.924,213.851,231.089,254.179,272.031,51.98296356201172,78.12030029296875,True,/usr/bin/python3 ldpc_bench_3.4_tbs_latency.py --K 191953 --code_rate 0.888671875 --rv 0 --num_iterations 5 --num_prb 75 --num_symbols 12 --start_sym 0 --num_layers 4 --mod_order 6 --batches 1 --num_streams 1 --mode both --target_sec 6.0 --gpu 0 --warmup_iters 50 --lat_samples 400000 --lat_discard 50 --lat_trim_us 1000.0 --latency-clock both --include-h2d 1 --idle_per_batch_sec 0.0 --nvml_interval_ms 10 --out_dir QEF_GPU_eMBB_h2d_5iter_4layer/points/rb75_ly4_mcs27 --save_json 1 --save_latency_npy 0,
75,4,28,6,0.92578125,199968,216000,1,2043.2184799003774,22.348775706433745,3.616260368274503,207.923,213.952,231.235,253.074,265.53,51.88486099243164,76.77315521240234,True,/usr/bin/python3 ldpc_bench_3.4_tbs_latency.py --K 199968 --code_rate 0.92578125 --rv 0 --num_iterations 5 --num_prb 75 --num_symbols 12 --start_sym 0 --num_layers 4 --mod_order 6 --batches 1 --num_streams 1 --mode both --target_sec 6.0 --gpu 0 --warmup_iters 50 --lat_samples 400000 --lat_discard 50 --lat_trim_us 1000.0 --latency-clock both --include-h2d 1 --idle_per_batch_sec 0.0 --nvml_interval_ms 10 --out_dir QEF_GPU_eMBB_h2d_5iter_4layer/points/rb75_ly4_mcs28 --save_json 1 --save_latency_npy 0,
100,4,10,4,0.33203125,63750,192000,1,600.8921528936556,76.4727793214807,12.776454898488986,224.163,230.065,246.688,265.473,294.063,51.94343948364258,92.11798095703125,True,/usr/bin/python3 ldpc_bench_3.4_tbs_latency.py --K 63750 --code_rate 0.33203125 --rv 0 --num_iterations 5 --num_prb 100 --num_symbols 12 --start_sym 0 --num_layers 4 --mod_order 4 --batches 1 --num_streams 1 --mode both --target_sec 6.0 --gpu 0 --warmup_iters 50 --lat_samples 400000 --lat_discard 50 --lat_trim_us 1000.0 --latency-clock both --include-h2d 1 --idle_per_batch_sec 0.0 --nvml_interval_ms 10 --out_dir QEF_GPU_eMBB_h2d_5iter_4layer/points/rb100_ly4_mcs10 --save_json 1 --save_latency_npy 0,
100,4,11,4,0.369140625,70875,192000,1,699.6390789480374,65.51590313114548,10.809665778747807,219.007,224.754,241.586,264.605,285.671,51.80266189575195,91.77528381347656,True,/usr/bin/python3 ldpc_bench_3.4_tbs_latency.py --K 70875 --code_rate 0.369140625 --rv 0 --num_iterations 5 --num_prb 100 --num_symbols 12 --start_sym 0 --num_layers 4 --mod_order 4 --batches 1 --num_streams 1 --mode both --target_sec 6.0 --gpu 0 --warmup_iters 50 --lat_samples 400000 --lat_discard 50 --lat_trim_us 1000.0 --latency-clock both --include-h2d 1 --idle_per_batch_sec 0.0 --nvml_interval_ms 10 --out_dir QEF_GPU_eMBB_h2d_5iter_4layer/points/rb100_ly4_mcs11 --save_json 1 --save_latency_npy 0,
100,4,12,4,0.423828125,81375,192000,1,612.973734452092,74.5738345690048,12.132951113931334,252.656,258.525,275.735,296.649,312.237,51.73209762573242,93.94569396972656,True,/usr/bin/python3 ldpc_bench_3.4_tbs_latency.py --K 81375 --code_rate 0.423828125 --rv 0 --num_iterations 5 --num_prb 100 --num_symbols 12 --start_sym 0 --num_layers 4 --mod_order 4 --batches 1 --num_streams 1 --mode both --target_sec 6.0 --gpu 0 --warmup_iters 50 --lat_samples 400000 --lat_discard 50 --lat_trim_us 1000.0 --latency-clock both --include-h2d 1 --idle_per_batch_sec 0.0 --nvml_interval_ms 10 --out_dir QEF_GPU_eMBB_h2d_5iter_4layer/points/rb100_ly4_mcs12 --save_json 1 --save_latency_npy 0,
100,4,13,4,0.478515625,91875,192000,1,736.7638822375161,62.03788065894916,10.088236496553385,243.531,249.439,265.833,290.687,302.132,51.70833969116211,91.77528381347656,True,/usr/bin/python3 ldpc_bench_3.4_tbs_latency.py --K 91875 --code_rate 0.478515625 --rv 0 --num_iterations 5 --num_prb 100 --num_symbols 12 --start_sym 0 --num_layers 4 --mod_order 4 --batches 1 --num_streams 1 --mode both --target_sec 6.0 --gpu 0 --warmup_iters 50 --lat_samples 400000 --lat_discard 50 --lat_trim_us 1000.0 --latency-clock both --include-h2d 1 --idle_per_batch_sec 0.0 --nvml_interval_ms 10 --out_dir QEF_GPU_eMBB_h2d_5iter_4layer/points/rb100_ly4_mcs13 --save_json 1 --save_latency_npy 0,
100,4,14,4,0.5400390625,103687,192000,1,951.9612720160228,47.92213483086847,7.716064858202593,225.869,231.78,248.543,273.148,297.578,51.865882873535156,93.25047302246094,True,/usr/bin/python3 ldpc_bench_3.4_tbs_latency.py --K 103687 --code_rate 0.5400390625 --rv 0 --num_iterations 5 --num_prb 100 --num_symbols 12 --start_sym 0 --num_layers 4 --mod_order 4 --batches 1 --num_streams 1 --mode both --target_sec 6.0 --gpu 0 --warmup_iters 50 --lat_samples 400000 --lat_discard 50 --lat_trim_us 1000.0 --latency-clock both --include-h2d 1 --idle_per_batch_sec 0.0 --nvml_interval_ms 10 --out_dir QEF_GPU_eMBB_h2d_5iter_4layer/points/rb100_ly4_mcs14 --save_json 1 --save_latency_npy 0,
100,4,15,4,0.6015625,115500,192000,1,1130.0987299040632,40.37096747309149,6.502580135647577,220.264,226.006,242.722,265.492,287.964,51.660030364990234,93.47654724121094,True,/usr/bin/python3 ldpc_bench_3.4_tbs_latency.py --K 115500 --code_rate 0.6015625 --rv 0 --num_iterations 5 --num_prb 100 --num_symbols 12 --start_sym 0 --num_layers 4 --mod_order 4 --batches 1 --num_streams 1 --mode both --target_sec 6.0 --gpu 0 --warmup_iters 50 --lat_samples 400000 --lat_discard 50 --lat_trim_us 1000.0 --latency-clock both --include-h2d 1 --idle_per_batch_sec 0.0 --nvml_interval_ms 10 --out_dir QEF_GPU_eMBB_h2d_5iter_4layer/points/rb100_ly4_mcs15 --save_json 1 --save_latency_npy 0,
100,4,16,4,0.642578125,123375,192000,1,1279.525905307177,35.84638759116054,5.933260115436944,214.083,219.85,237.319,258.08,282.609,51.72808837890625,91.2205581665039,True,/usr/bin/python3 ldpc_bench_3.4_tbs_latency.py --K 123375 --code_rate 0.642578125 --rv 0 --num_iterations 5 --num_prb 100 --num_symbols 12 --start_sym 0 --num_layers 4 --mod_order 4 --batches 1 --num_streams 1 --mode both --target_sec 6.0 --gpu 0 --warmup_iters 50 --lat_samples 400000 --lat_discard 50 --lat_trim_us 1000.0 --latency-clock both --include-h2d 1 --idle_per_batch_sec 0.0 --nvml_interval_ms 10 --out_dir QEF_GPU_eMBB_h2d_5iter_4layer/points/rb100_ly4_mcs16 --save_json 1 --save_latency_npy 0,
100,4,17,6,0.427734375,123187,288000,1,902.0049091901278,51.173979758645395,8.74114915652661,286.874,293.094,310.089,331.951,348.267,52.149314880371094,94.29906463623047,True,/usr/bin/python3 ldpc_bench_3.4_tbs_latency.py --K 123187 --code_rate 0.427734375 --rv 0 --num_iterations 5 --num_prb 100 --num_symbols 12 --start_sym 0 --num_layers 4 --mod_order 6 --batches 1 --num_streams 1 --mode both --target_sec 6.0 --gpu 0 --warmup_iters 50 --lat_samples 400000 --lat_discard 50 --lat_trim_us 1000.0 --latency-clock both --include-h2d 1 --idle_per_batch_sec 0.0 --nvml_interval_ms 10 --out_dir QEF_GPU_eMBB_h2d_5iter_4layer/points/rb100_ly4_mcs17 --save_json 1 --save_latency_npy 0,
100,4,18,6,0.455078125,131062,288000,1,994.7928147626504,46.40568636019418,7.9307185619233,282.567,288.546,305.238,329.463,348.479,52.143428802490234,94.9831771850586,True,/usr/bin/python3 ldpc_bench_3.4_tbs_latency.py --K 131062 --code_rate 0.455078125 --rv 0 --num_iterations 5 --num_prb 100 --num_symbols 12 --start_sym 0 --num_layers 4 --mod_order 6 --batches 1 --num_streams 1 --mode both --target_sec 6.0 --gpu 0 --warmup_iters 50 --lat_samples 400000 --lat_discard 50 --lat_trim_us 1000.0 --latency-clock both --include-h2d 1 --idle_per_batch_sec 0.0 --nvml_interval_ms 10 --out_dir QEF_GPU_eMBB_h2d_5iter_4layer/points/rb100_ly4_mcs18 --save_json 1 --save_latency_npy 0,
100,4,19,6,0.5048828125,145406,288000,1,1210.920160477222,38.039610242065876,6.431728266709012,271.025,277.298,294.244,315.878,338.12,52.099666595458984,92.23220825195312,True,/usr/bin/python3 ldpc_bench_3.4_tbs_latency.py --K 145406 --code_rate 0.5048828125 --rv 0 --num_iterations 5 --num_prb 100 --num_symbols 12 --start_sym 0 --num_layers 4 --mod_order 6 --batches 1 --num_streams 1 --mode both --target_sec 6.0 --gpu 0 --warmup_iters 50 --lat_samples 400000 --lat_discard 50 --lat_trim_us 1000.0 --latency-clock both --include-h2d 1 --idle_per_batch_sec 0.0 --nvml_interval_ms 10 --out_dir QEF_GPU_eMBB_h2d_5iter_4layer/points/rb100_ly4_mcs19 --save_json 1 --save_latency_npy 0,
100,4,20,6,0.5537109375,159468,288000,1,1399.68132737501,33.039215945964834,5.693976165046124,263.273,269.355,285.432,307.283,326.674,52.38863754272461,91.75984954833984,True,/usr/bin/python3 ldpc_bench_3.4_tbs_latency.py --K 159468 --code_rate 0.5537109375 --rv 0 --num_iterations 5 --num_prb 100 --num_symbols 12 --start_sym 0 --num_layers 4 --mod_order 6 --batches 1 --num_streams 1 --mode both --target_sec 6.0 --gpu 0 --warmup_iters 50 --lat_samples 400000 --lat_discard 50 --lat_trim_us 1000.0 --latency-clock both --include-h2d 1 --idle_per_batch_sec 0.0 --nvml_interval_ms 10 --out_dir QEF_GPU_eMBB_h2d_5iter_4layer/points/rb100_ly4_mcs20 --save_json 1 --save_latency_npy 0,
100,4,21,6,0.6015625,173250,288000,1,1564.0412991733208,29.935935955959266,5.464317761366576,258.395,264.495,281.184,304.699,322.173,52.83720779418945,93.61495208740234,True,/usr/bin/python3 ldpc_bench_3.4_tbs_latency.py --K 173250 --code_rate 0.6015625 --rv 0 --num_iterations 5 --num_prb 100 --num_symbols 12 --start_sym 0 --num_layers 4 --mod_order 6 --batches 1 --num_streams 1 --mode both --target_sec 6.0 --gpu 0 --warmup_iters 50 --lat_samples 400000 --lat_discard 50 --lat_trim_us 1000.0 --latency-clock both --include-h2d 1 --idle_per_batch_sec 0.0 --nvml_interval_ms 10 --out_dir QEF_GPU_eMBB_h2d_5iter_4layer/points/rb100_ly4_mcs21 --save_json 1 --save_latency_npy 0,
100,4,22,6,0.650390625,187312,288000,1,1771.714935849841,26.663730242403613,5.060581372642016,254.803,260.887,277.247,299.591,319.571,53.39815902709961,91.66104888916016,True,/usr/bin/python3 ldpc_bench_3.4_tbs_latency.py --K 187312 --code_rate 0.650390625 --rv 0 --num_iterations 5 --num_prb 100 --num_symbols 12 --start_sym 0 --num_layers 4 --mod_order 6 --batches 1 --num_streams 1 --mode both --target_sec 6.0 --gpu 0 --warmup_iters 50 --lat_samples 400000 --lat_discard 50 --lat_trim_us 1000.0 --latency-clock both --include-h2d 1 --idle_per_batch_sec 0.0 --nvml_interval_ms 10 --out_dir QEF_GPU_eMBB_h2d_5iter_4layer/points/rb100_ly4_mcs22 --save_json 1 --save_latency_npy 0,
100,4,23,6,0.7021484375,202218,288000,1,1943.4996199551595,24.513383824074573,4.819723418405289,253.386,259.46,276.238,298.867,317.122,53.74717712402344,94.29906463623047,True,/usr/bin/python3 ldpc_bench_3.4_tbs_latency.py --K 202218 --code_rate 0.7021484375 --rv 0 --num_iterations 5 --num_prb 100 --num_symbols 12 --start_sym 0 --num_layers 4 --mod_order 6 --batches 1 --num_streams 1 --mode both --target_sec 6.0 --gpu 0 --warmup_iters 50 --lat_samples 400000 --lat_discard 50 --lat_trim_us 1000.0 --latency-clock both --include-h2d 1 --idle_per_batch_sec 0.0 --nvml_interval_ms 10 --out_dir QEF_GPU_eMBB_h2d_5iter_4layer/points/rb100_ly4_mcs23 --save_json 1 --save_latency_npy 0,
100,4,24,6,0.75390625,217125,288000,1,2128.535610200689,22.446215970046016,4.464547572994626,250.958,256.922,273.802,296.51,318.714,54.3020133972168,96.20903778076172,True,/usr/bin/python3 ldpc_bench_3.4_tbs_latency.py --K 217125 --code_rate 0.75390625 --rv 0 --num_iterations 5 --num_prb 100 --num_symbols 12 --start_sym 0 --num_layers 4 --mod_order 6 --batches 1 --num_streams 1 --mode both --target_sec 6.0 --gpu 0 --warmup_iters 50 --lat_samples 400000 --lat_discard 50 --lat_trim_us 1000.0 --latency-clock both --include-h2d 1 --idle_per_batch_sec 0.0 --nvml_interval_ms 10 --out_dir QEF_GPU_eMBB_h2d_5iter_4layer/points/rb100_ly4_mcs24 --save_json 1 --save_latency_npy 0,
100,4,25,6,0.802734375,231187,288000,1,2375.1572362644306,20.4257699594883,4.311206708871133,246.404,252.566,269.371,291.522,304.636,54.81266784667969,92.54698944091797,True,/usr/bin/python3 ldpc_bench_3.4_tbs_latency.py --K 231187 --code_rate 0.802734375 --rv 0 --num_iterations 5 --num_prb 100 --num_symbols 12 --start_sym 0 --num_layers 4 --mod_order 6 --batches 1 --num_streams 1 --mode both --target_sec 6.0 --gpu 0 --warmup_iters 50 --lat_samples 400000 --lat_discard 50 --lat_trim_us 1000.0 --latency-clock both --include-h2d 1 --idle_per_batch_sec 0.0 --nvml_interval_ms 10 --out_dir QEF_GPU_eMBB_h2d_5iter_4layer/points/rb100_ly4_mcs25 --save_json 1 --save_latency_npy 0,
100,4,26,6,0.8525390625,245531,288000,1,2513.5910398638503,19.214623956907047,3.9875560262315037,245.149,251.308,267.874,288.987,307.558,54.98167419433594,94.26325988769531,True,/usr/bin/python3 ldpc_bench_3.4_tbs_latency.py --K 245531 --code_rate 0.8525390625 --rv 0 --num_iterations 5 --num_prb 100 --num_symbols 12 --start_sym 0 --num_layers 4 --mod_order 6 --batches 1 --num_streams 1 --mode both --target_sec 6.0 --gpu 0 --warmup_iters 50 --lat_samples 400000 --lat_discard 50 --lat_trim_us 1000.0 --latency-clock both --include-h2d 1 --idle_per_batch_sec 0.0 --nvml_interval_ms 10 --out_dir QEF_GPU_eMBB_h2d_5iter_4layer/points/rb100_ly4_mcs26 --save_json 1 --save_latency_npy 0,
100,4,27,6,0.888671875,255937,288000,1,2657.170919109285,18.354630638754863,3.950355310175574,243.36,249.398,266.178,288.548,302.589,55.206016540527344,90.40489959716797,True,/usr/bin/python3 ldpc_bench_3.4_tbs_latency.py --K 255937 --code_rate 0.888671875 --rv 0 --num_iterations 5 --num_prb 100 --num_symbols 12 --start_sym 0 --num_layers 4 --mod_order 6 --batches 1 --num_streams 1 --mode both --target_sec 6.0 --gpu 0 --warmup_iters 50 --lat_samples 400000 --lat_discard 50 --lat_trim_us 1000.0 --latency-clock both --include-h2d 1 --idle_per_batch_sec 0.0 --nvml_interval_ms 10 --out_dir QEF_GPU_eMBB_h2d_5iter_4layer/points/rb100_ly4_mcs27 --save_json 1 --save_latency_npy 0,
100,4,28,6,0.92578125,266625,288000,1,2740.7595598338244,17.718631566399203,3.753662849382353,243.17,249.205,265.795,287.785,309.852,54.97027587890625,88.95857238769531,True,/usr/bin/python3 ldpc_bench_3.4_tbs_latency.py --K 266625 --code_rate 0.92578125 --rv 0 --num_iterations 5 --num_prb 100 --num_symbols 12 --start_sym 0 --num_layers 4 --mod_order 6 --batches 1 --num_streams 1 --mode both --target_sec 6.0 --gpu 0 --warmup_iters 50 --lat_samples 400000 --lat_discard 50 --lat_trim_us 1000.0 --latency-clock both --include-h2d 1 --idle_per_batch_sec 0.0 --nvml_interval_ms 10 --out_dir QEF_GPU_eMBB_h2d_5iter_4layer/points/rb100_ly4_mcs28 --save_json 1 --save_latency_npy 0,
135,4,10,4,0.33203125,86062,259200,1,800.5070899693557,57.65084069229012,9.837870646753828,245.836,251.615,270.061,292.398,304.051,52.07278823852539,93.04486083984375,True,/usr/bin/python3 ldpc_bench_3.4_tbs_latency.py --K 86062 --code_rate 0.33203125 --rv 0 --num_iterations 5 --num_prb 135 --num_symbols 12 --start_sym 0 --num_layers 4 --mod_order 4 --batches 1 --num_streams 1 --mode both --target_sec 6.0 --gpu 0 --warmup_iters 50 --lat_samples 400000 --lat_discard 50 --lat_trim_us 1000.0 --latency-clock both --include-h2d 1 --idle_per_batch_sec 0.0 --nvml_interval_ms 10 --out_dir QEF_GPU_eMBB_h2d_5iter_4layer/points/rb135_ly4_mcs10 --save_json 1 --save_latency_npy 0,
135,4,11,4,0.369140625,95681,259200,1,928.8990560878135,49.63485809677563,8.43057302069527,241.298,247.234,264.159,288.125,306.969,52.10947799682617,92.11798095703125,True,/usr/bin/python3 ldpc_bench_3.4_tbs_latency.py --K 95681 --code_rate 0.369140625 --rv 0 --num_iterations 5 --num_prb 135 --num_symbols 12 --start_sym 0 --num_layers 4 --mod_order 4 --batches 1 --num_streams 1 --mode both --target_sec 6.0 --gpu 0 --warmup_iters 50 --lat_samples 400000 --lat_discard 50 --lat_trim_us 1000.0 --latency-clock both --include-h2d 1 --idle_per_batch_sec 0.0 --nvml_interval_ms 10 --out_dir QEF_GPU_eMBB_h2d_5iter_4layer/points/rb135_ly4_mcs11 --save_json 1 --save_latency_npy 0,
135,4,12,4,0.423828125,109856,259200,1,819.1073934816162,56.323109162419115,9.595876789069465,274.048,279.775,298.219,321.531,345.083,52.115478515625,92.81682586669922,True,/usr/bin/python3 ldpc_bench_3.4_tbs_latency.py --K 109856 --code_rate 0.423828125 --rv 0 --num_iterations 5 --num_prb 135 --num_symbols 12 --start_sym 0 --num_layers 4 --mod_order 4 --batches 1 --num_streams 1 --mode both --target_sec 6.0 --gpu 0 --warmup_iters 50 --lat_samples 400000 --lat_discard 50 --lat_trim_us 1000.0 --latency-clock both --include-h2d 1 --idle_per_batch_sec 0.0 --nvml_interval_ms 10 --out_dir QEF_GPU_eMBB_h2d_5iter_4layer/points/rb135_ly4_mcs12 --save_json 1 --save_latency_npy 0,
135,4,13,4,0.478515625,124031,259200,1,968.5694280438803,47.57763094769876,8.060978443764654,266.114,272.249,288.766,307.398,320.195,52.14030456542969,93.14606475830078,True,/usr/bin/python3 ldpc_bench_3.4_tbs_latency.py --K 124031 --code_rate 0.478515625 --rv 0 --num_iterations 5 --num_prb 135 --num_symbols 12 --start_sym 0 --num_layers 4 --mod_order 4 --batches 1 --num_streams 1 --mode both --target_sec 6.0 --gpu 0 --warmup_iters 50 --lat_samples 400000 --lat_discard 50 --lat_trim_us 1000.0 --latency-clock both --include-h2d 1 --idle_per_batch_sec 0.0 --nvml_interval_ms 10 --out_dir QEF_GPU_eMBB_h2d_5iter_4layer/points/rb135_ly4_mcs13 --save_json 1 --save_latency_npy 0,
135,4,14,4,0.5400390625,139978,259200,1,1217.937724130592,37.75262572945729,6.326863347997239,253.493,259.374,276.426,298.192,314.995,51.99529266357422,93.14606475830078,True,/usr/bin/python3 ldpc_bench_3.4_tbs_latency.py --K 139978 --code_rate 0.5400390625 --rv 0 --num_iterations 5 --num_prb 135 --num_symbols 12 --start_sym 0 --num_layers 4 --mod_order 4 --batches 1 --num_streams 1 --mode both --target_sec 6.0 --gpu 0 --warmup_iters 50 --lat_samples 400000 --lat_discard 50 --lat_trim_us 1000.0 --latency-clock both --include-h2d 1 --idle_per_batch_sec 0.0 --nvml_interval_ms 10 --out_dir QEF_GPU_eMBB_h2d_5iter_4layer/points/rb135_ly4_mcs14 --save_json 1 --save_latency_npy 0,
135,4,15,4,0.6015625,155925,259200,1,1462.7796876230157,31.58440940997516,5.418731941388188,244.805,250.795,268.484,290.614,313.095,52.22592544555664,93.94569396972656,True,/usr/bin/python3 ldpc_bench_3.4_tbs_latency.py --K 155925 --code_rate 0.6015625 --rv 0 --num_iterations 5 --num_prb 135 --num_symbols 12 --start_sym 0 --num_layers 4 --mod_order 4 --batches 1 --num_streams 1 --mode both --target_sec 6.0 --gpu 0 --warmup_iters 50 --lat_samples 400000 --lat_discard 50 --lat_trim_us 1000.0 --latency-clock both --include-h2d 1 --idle_per_batch_sec 0.0 --nvml_interval_ms 10 --out_dir QEF_GPU_eMBB_h2d_5iter_4layer/points/rb135_ly4_mcs15 --save_json 1 --save_latency_npy 0,
135,4,16,4,0.642578125,166556,259200,1,1650.6983807143386,27.818062374919755,4.631136185908222,238.738,244.719,262.2,283.68,296.469,51.99082565307617,91.07317352294922,True,/usr/bin/python3 ldpc_bench_3.4_tbs_latency.py --K 166556 --code_rate 0.642578125 --rv 0 --num_iterations 5 --num_prb 135 --num_symbols 12 --start_sym 0 --num_layers 4 --mod_order 4 --batches 1 --num_streams 1 --mode both --target_sec 6.0 --gpu 0 --warmup_iters 50 --lat_samples 400000 --lat_discard 50 --lat_trim_us 1000.0 --latency-clock both --include-h2d 1 --idle_per_batch_sec 0.0 --nvml_interval_ms 10 --out_dir QEF_GPU_eMBB_h2d_5iter_4layer/points/rb135_ly4_mcs16 --save_json 1 --save_latency_npy 0,
135,4,17,6,0.427734375,166303,388800,1,1174.9068083844165,39.85346633536805,7.276736640036162,315.87,322.211,338.123,360.691,366.903,52.91139602661133,95.55326843261719,True,/usr/bin/python3 ldpc_bench_3.4_tbs_latency.py --K 166303 --code_rate 0.427734375 --rv 0 --num_iterations 5 --num_prb 135 --num_symbols 12 --start_sym 0 --num_layers 4 --mod_order 6 --batches 1 --num_streams 1 --mode both --target_sec 6.0 --gpu 0 --warmup_iters 50 --lat_samples 400000 --lat_discard 50 --lat_trim_us 1000.0 --latency-clock both --include-h2d 1 --idle_per_batch_sec 0.0 --nvml_interval_ms 10 --out_dir QEF_GPU_eMBB_h2d_5iter_4layer/points/rb135_ly4_mcs17 --save_json 1 --save_latency_npy 0,
135,4,18,6,0.455078125,176934,388800,1,1263.6275949492963,37.20137090409565,6.911891893881393,313.97,320.418,336.168,360.046,375.206,53.1158332824707,93.50093078613281,True,/usr/bin/python3 ldpc_bench_3.4_tbs_latency.py --K 176934 --code_rate 0.455078125 --rv 0 --num_iterations 5 --num_prb 135 --num_symbols 12 --start_sym 0 --num_layers 4 --mod_order 6 --batches 1 --num_streams 1 --mode both --target_sec 6.0 --gpu 0 --warmup_iters 50 --lat_samples 400000 --lat_discard 50 --lat_trim_us 1000.0 --latency-clock both --include-h2d 1 --idle_per_batch_sec 0.0 --nvml_interval_ms 10 --out_dir QEF_GPU_eMBB_h2d_5iter_4layer/points/rb135_ly4_mcs18 --save_json 1 --save_latency_npy 0,
135,4,19,6,0.5048828125,196298,388800,1,1553.179996674684,30.570477468680956,5.927730590734324,299.574,305.97,321.752,344.504,359.244,53.71863555908203,93.14606475830078,True,/usr/bin/python3 ldpc_bench_3.4_tbs_latency.py --K 196298 --code_rate 0.5048828125 --rv 0 --num_iterations 5 --num_prb 135 --num_symbols 12 --start_sym 0 --num_layers 4 --mod_order 6 --batches 1 --num_streams 1 --mode both --target_sec 6.0 --gpu 0 --warmup_iters 50 --lat_samples 400000 --lat_discard 50 --lat_trim_us 1000.0 --latency-clock both --include-h2d 1 --idle_per_batch_sec 0.0 --nvml_interval_ms 10 --out_dir QEF_GPU_eMBB_h2d_5iter_4layer/points/rb135_ly4_mcs19 --save_json 1 --save_latency_npy 0,
135,4,20,6,0.5537109375,215282,388800,1,1739.2268536232655,27.62538087674948,5.618693575315422,297.647,303.909,320.371,342.987,362.801,54.454872131347656,97.36772918701172,True,/usr/bin/python3 ldpc_bench_3.4_tbs_latency.py --K 215282 --code_rate 0.5537109375 --rv 0 --num_iterations 5 --num_prb 135 --num_symbols 12 --start_sym 0 --num_layers 4 --mod_order 6 --batches 1 --num_streams 1 --mode both --target_sec 6.0 --gpu 0 --warmup_iters 50 --lat_samples 400000 --lat_discard 50 --lat_trim_us 1000.0 --latency-clock both --include-h2d 1 --idle_per_batch_sec 0.0 --nvml_interval_ms 10 --out_dir QEF_GPU_eMBB_h2d_5iter_4layer/points/rb135_ly4_mcs20 --save_json 1 --save_latency_npy 0,
135,4,21,6,0.6015625,233887,388800,1,1976.951111110514,24.440271429908815,5.079842485136275,291.637,298.047,313.676,338.723,360.327,54.85110855102539,94.4962387084961,True,/usr/bin/python3 ldpc_bench_3.4_tbs_latency.py --K 233887 --code_rate 0.6015625 --rv 0 --num_iterations 5 --num_prb 135 --num_symbols 12 --start_sym 0 --num_layers 4 --mod_order 6 --batches 1 --num_streams 1 --mode both --target_sec 6.0 --gpu 0 --warmup_iters 50 --lat_samples 400000 --lat_discard 50 --lat_trim_us 1000.0 --latency-clock both --include-h2d 1 --idle_per_batch_sec 0.0 --nvml_interval_ms 10 --out_dir QEF_GPU_eMBB_h2d_5iter_4layer/points/rb135_ly4_mcs21 --save_json 1 --save_latency_npy 0,
135,4,22,6,0.650390625,252871,388800,1,2148.3377863960586,22.93317676867829,5.117253334146252,290.9,297.271,313.003,337.961,357.796,55.718597412109375,92.4606704711914,True,/usr/bin/python3 ldpc_bench_3.4_tbs_latency.py --K 252871 --code_rate 0.650390625 --rv 0 --num_iterations 5 --num_prb 135 --num_symbols 12 --start_sym 0 --num_layers 4 --mod_order 6 --batches 1 --num_streams 1 --mode both --target_sec 6.0 --gpu 0 --warmup_iters 50 --lat_samples 400000 --lat_discard 50 --lat_trim_us 1000.0 --latency-clock both --include-h2d 1 --idle_per_batch_sec 0.0 --nvml_interval_ms 10 --out_dir QEF_GPU_eMBB_h2d_5iter_4layer/points/rb135_ly4_mcs22 --save_json 1 --save_latency_npy 0,
135,4,23,6,0.7021484375,272995,388800,1,1953.9507816787784,25.038162030489076,5.449837763150175,312.478,318.797,334.965,357.78,374.2,55.27932357788086,95.66728973388672,True,/usr/bin/python3 ldpc_bench_3.4_tbs_latency.py --K 272995 --code_rate 0.7021484375 --rv 0 --num_iterations 5 --num_prb 135 --num_symbols 12 --start_sym 0 --num_layers 4 --mod_order 6 --batches 1 --num_streams 1 --mode both --target_sec 6.0 --gpu 0 --warmup_iters 50 --lat_samples 400000 --lat_discard 50 --lat_trim_us 1000.0 --latency-clock both --include-h2d 1 --idle_per_batch_sec 0.0 --nvml_interval_ms 10 --out_dir QEF_GPU_eMBB_h2d_5iter_4layer/points/rb135_ly4_mcs23 --save_json 1 --save_latency_npy 0,
135,4,24,6,0.75390625,293118,388800,1,2151.9025383106596,22.903890532448916,5.117480212959478,309.841,316.231,332.345,354.719,372.561,55.680511474609375,92.70280456542969,True,/usr/bin/python3 ldpc_bench_3.4_tbs_latency.py --K 293118 --code_rate 0.75390625 --rv 0 --num_iterations 5 --num_prb 135 --num_symbols 12 --start_sym 0 --num_layers 4 --mod_order 6 --batches 1 --num_streams 1 --mode both --target_sec 6.0 --gpu 0 --warmup_iters 50 --lat_samples 400000 --lat_discard 50 --lat_trim_us 1000.0 --latency-clock both --include-h2d 1 --idle_per_batch_sec 0.0 --nvml_interval_ms 10 --out_dir QEF_GPU_eMBB_h2d_5iter_4layer/points/rb135_ly4_mcs24 --save_json 1 --save_latency_npy 0,
135,4,25,6,0.802734375,312103,388800,1,2347.736167298845,21.11792072420967,4.815142734474751,309.717,316.305,332.361,354.98,376.052,56.3207893371582,97.82142639160156,True,/usr/bin/python3 ldpc_bench_3.4_tbs_latency.py --K 312103 --code_rate 0.802734375 --rv 0 --num_iterations 5 --num_prb 135 --num_symbols 12 --start_sym 0 --num_layers 4 --mod_order 6 --batches 1 --num_streams 1 --mode both --target_sec 6.0 --gpu 0 --warmup_iters 50 --lat_samples 400000 --lat_discard 50 --lat_trim_us 1000.0 --latency-clock both --include-h2d 1 --idle_per_batch_sec 0.0 --nvml_interval_ms 10 --out_dir QEF_GPU_eMBB_h2d_5iter_4layer/points/rb135_ly4_mcs25 --save_json 1 --save_latency_npy 0,
135,4,26,6,0.8525390625,331467,388800,1,2586.3870712338935,19.15517982692735,4.356690482606403,301.19,307.62,324.225,347.131,374.627,55.95027160644531,93.04486083984375,True,/usr/bin/python3 ldpc_bench_3.4_tbs_latency.py --K 331467 --code_rate 0.8525390625 --rv 0 --num_iterations 5 --num_prb 135 --num_symbols 12 --start_sym 0 --num_layers 4 --mod_order 6 --batches 1 --num_streams 1 --mode both --target_sec 6.0 --gpu 0 --warmup_iters 50 --lat_samples 400000 --lat_discard 50 --lat_trim_us 1000.0 --latency-clock both --include-h2d 1 --idle_per_batch_sec 0.0 --nvml_interval_ms 10 --out_dir QEF_GPU_eMBB_h2d_5iter_4layer/points/rb135_ly4_mcs26 --save_json 1 --save_latency_npy 0,
135,4,27,6,0.888671875,345515,388800,1,2697.0048354828373,18.59491446529048,4.40338577005474,300.916,307.406,323.429,345.91,368.521,56.635746002197266,92.2467269897461,True,/usr/bin/python3 ldpc_bench_3.4_tbs_latency.py --K 345515 --code_rate 0.888671875 --rv 0 --num_iterations 5 --num_prb 135 --num_symbols 12 --start_sym 0 --num_layers 4 --mod_order 6 --batches 1 --num_streams 1 --mode both --target_sec 6.0 --gpu 0 --warmup_iters 50 --lat_samples 400000 --lat_discard 50 --lat_trim_us 1000.0 --latency-clock both --include-h2d 1 --idle_per_batch_sec 0.0 --nvml_interval_ms 10 --out_dir QEF_GPU_eMBB_h2d_5iter_4layer/points/rb135_ly4_mcs27 --save_json 1 --save_latency_npy 0,
135,4,28,6,0.92578125,359943,388800,1,2831.021772428128,17.665925803624813,4.146205861267527,301.431,307.721,324.086,345.377,358.683,56.47758102416992,94.75514221191406,True,/usr/bin/python3 ldpc_bench_3.4_tbs_latency.py --K 359943 --code_rate 0.92578125 --rv 0 --num_iterations 5 --num_prb 135 --num_symbols 12 --start_sym 0 --num_layers 4 --mod_order 6 --batches 1 --num_streams 1 --mode both --target_sec 6.0 --gpu 0 --warmup_iters 50 --lat_samples 400000 --lat_discard 50 --lat_trim_us 1000.0 --latency-clock both --include-h2d 1 --idle_per_batch_sec 0.0 --nvml_interval_ms 10 --out_dir QEF_GPU_eMBB_h2d_5iter_4layer/points/rb135_ly4_mcs28 --save_json 1 --save_latency_npy 0,
170,4,10,4,0.33203125,108375,326400,1,962.9174483809533,48.738181822157536,8.989580757446255,271.825,278.159,294.238,318.231,326.496,52.965694427490234,93.84298706054688,True,/usr/bin/python3 ldpc_bench_3.4_tbs_latency.py --K 108375 --code_rate 0.33203125 --rv 0 --num_iterations 5 --num_prb 170 --num_symbols 12 --start_sym 0 --num_layers 4 --mod_order 4 --batches 1 --num_streams 1 --mode both --target_sec 6.0 --gpu 0 --warmup_iters 50 --lat_samples 400000 --lat_discard 50 --lat_trim_us 1000.0 --latency-clock both --include-h2d 1 --idle_per_batch_sec 0.0 --nvml_interval_ms 10 --out_dir QEF_GPU_eMBB_h2d_5iter_4layer/points/rb170_ly4_mcs10 --save_json 1 --save_latency_npy 0,
170,4,11,4,0.369140625,120487,326400,1,1133.0222380757652,41.935518020326946,8.15452041259526,264.236,270.303,286.277,308.527,315.472,53.70844268798828,94.17415618896484,True,/usr/bin/python3 ldpc_bench_3.4_tbs_latency.py --K 120487 --code_rate 0.369140625 --rv 0 --num_iterations 5 --num_prb 170 --num_symbols 12 --start_sym 0 --num_layers 4 --mod_order 4 --batches 1 --num_streams 1 --mode both --target_sec 6.0 --gpu 0 --warmup_iters 50 --lat_samples 400000 --lat_discard 50 --lat_trim_us 1000.0 --latency-clock both --include-h2d 1 --idle_per_batch_sec 0.0 --nvml_interval_ms 10 --out_dir QEF_GPU_eMBB_h2d_5iter_4layer/points/rb170_ly4_mcs11 --save_json 1 --save_latency_npy 0,
170,4,12,4,0.423828125,138337,326400,1,990.0036356154986,46.49764814656376,7.836556270725971,302.068,308.193,325.148,346.848,364.543,52.11027526855469,93.71723175048828,True,/usr/bin/python3 ldpc_bench_3.4_tbs_latency.py --K 138337 --code_rate 0.423828125 --rv 0 --num_iterations 5 --num_prb 170 --num_symbols 12 --start_sym 0 --num_layers 4 --mod_order 4 --batches 1 --num_streams 1 --mode both --target_sec 6.0 --gpu 0 --warmup_iters 50 --lat_samples 400000 --lat_discard 50 --lat_trim_us 1000.0 --latency-clock both --include-h2d 1 --idle_per_batch_sec 0.0 --nvml_interval_ms 10 --out_dir QEF_GPU_eMBB_h2d_5iter_4layer/points/rb170_ly4_mcs12 --save_json 1 --save_latency_npy 0,
170,4,13,4,0.478515625,156187,326400,1,1184.046635091621,39.34287668703237,7.017611465546771,341.549,348.641,364.979,389.099,408.42,52.71563720703125,93.26029968261719,True,/usr/bin/python3 ldpc_bench_3.4_tbs_latency.py --K 156187 --code_rate 0.478515625 --rv 0 --num_iterations 5 --num_prb 170 --num_symbols 12 --start_sym 0 --num_layers 4 --mod_order 4 --batches 1 --num_streams 1 --mode both --target_sec 6.0 --gpu 0 --warmup_iters 50 --lat_samples 400000 --lat_discard 50 --lat_trim_us 1000.0 --latency-clock both --include-h2d 1 --idle_per_batch_sec 0.0 --nvml_interval_ms 10 --out_dir QEF_GPU_eMBB_h2d_5iter_4layer/points/rb170_ly4_mcs13 --save_json 1 --save_latency_npy 0,
170,4,14,4,0.5400390625,176268,326400,1,1474.1071668643613,31.682430840206393,5.717818243308251,278.795,284.945,301.709,324.413,347.396,52.822574615478516,93.94569396972656,True,/usr/bin/python3 ldpc_bench_3.4_tbs_latency.py --K 176268 --code_rate 0.5400390625 --rv 0 --num_iterations 5 --num_prb 170 --num_symbols 12 --start_sym 0 --num_layers 4 --mod_order 4 --batches 1 --num_streams 1 --mode both --target_sec 6.0 --gpu 0 --warmup_iters 50 --lat_samples 400000 --lat_discard 50 --lat_trim_us 1000.0 --latency-clock both --include-h2d 1 --idle_per_batch_sec 0.0 --nvml_interval_ms 10 --out_dir QEF_GPU_eMBB_h2d_5iter_4layer/points/rb170_ly4_mcs14 --save_json 1 --save_latency_npy 0,
170,4,15,4,0.6015625,196350,326400,1,1753.2705871587943,26.926009755931727,5.095596473308351,270.512,276.751,292.94,315.742,336.519,53.376564025878906,93.3745346069336,True,/usr/bin/python3 ldpc_bench_3.4_tbs_latency.py --K 196350 --code_rate 0.6015625 --rv 0 --num_iterations 5 --num_prb 170 --num_symbols 12 --start_sym 0 --num_layers 4 --mod_order 4 --batches 1 --num_streams 1 --mode both --target_sec 6.0 --gpu 0 --warmup_iters 50 --lat_samples 400000 --lat_discard 50 --lat_trim_us 1000.0 --latency-clock both --include-h2d 1 --idle_per_batch_sec 0.0 --nvml_interval_ms 10 --out_dir QEF_GPU_eMBB_h2d_5iter_4layer/points/rb170_ly4_mcs15 --save_json 1 --save_latency_npy 0,
170,4,16,4,0.642578125,209737,326400,1,1868.7661725879464,25.491359878430405,5.010134310792953,270.721,276.841,292.746,315.605,333.77,53.861759185791016,92.4606704711914,True,/usr/bin/python3 ldpc_bench_3.4_tbs_latency.py --K 209737 --code_rate 0.642578125 --rv 0 --num_iterations 5 --num_prb 170 --num_symbols 12 --start_sym 0 --num_layers 4 --mod_order 4 --batches 1 --num_streams 1 --mode both --target_sec 6.0 --gpu 0 --warmup_iters 50 --lat_samples 400000 --lat_discard 50 --lat_trim_us 1000.0 --latency-clock both --include-h2d 1 --idle_per_batch_sec 0.0 --nvml_interval_ms 10 --out_dir QEF_GPU_eMBB_h2d_5iter_4layer/points/rb170_ly4_mcs16 --save_json 1 --save_latency_npy 0,
170,4,17,6,0.427734375,209418,489600,1,1385.0184706859575,35.041795829442144,7.407058586560485,347.943,354.823,370.838,392.893,409.368,54.8659553527832,96.12336730957031,True,/usr/bin/python3 ldpc_bench_3.4_tbs_latency.py --K 209418 --code_rate 0.427734375 --rv 0 --num_iterations 5 --num_prb 170 --num_symbols 12 --start_sym 0 --num_layers 4 --mod_order 6 --batches 1 --num_streams 1 --mode both --target_sec 6.0 --gpu 0 --warmup_iters 50 --lat_samples 400000 --lat_discard 50 --lat_trim_us 1000.0 --latency-clock both --include-h2d 1 --idle_per_batch_sec 0.0 --nvml_interval_ms 10 --out_dir QEF_GPU_eMBB_h2d_5iter_4layer/points/rb170_ly4_mcs17 --save_json 1 --save_latency_npy 0,
170,4,18,6,0.455078125,222806,489600,1,1521.4426504378719,32.16638350179995,7.009588072850473,342.244,348.613,366.769,389.677,413.005,55.520381927490234,93.2476577758789,True,/usr/bin/python3 ldpc_bench_3.4_tbs_latency.py --K 222806 --code_rate 0.455078125 --rv 0 --num_iterations 5 --num_prb 170 --num_symbols 12 --start_sym 0 --num_layers 4 --mod_order 6 --batches 1 --num_streams 1 --mode both --target_sec 6.0 --gpu 0 --warmup_iters 50 --lat_samples 400000 --lat_discard 50 --lat_trim_us 1000.0 --latency-clock both --include-h2d 1 --idle_per_batch_sec 0.0 --nvml_interval_ms 10 --out_dir QEF_GPU_eMBB_h2d_5iter_4layer/points/rb170_ly4_mcs18 --save_json 1 --save_latency_npy 0,
170,4,19,6,0.5048828125,247190,489600,1,1796.7138639139641,27.372892193580018,6.070322940528932,332.097,338.803,354.94,378.989,398.325,55.668861389160156,92.9176025390625,True,/usr/bin/python3 ldpc_bench_3.4_tbs_latency.py --K 247190 --code_rate 0.5048828125 --rv 0 --num_iterations 5 --num_prb 170 --num_symbols 12 --start_sym 0 --num_layers 4 --mod_order 6 --batches 1 --num_streams 1 --mode both --target_sec 6.0 --gpu 0 --warmup_iters 50 --lat_samples 400000 --lat_discard 50 --lat_trim_us 1000.0 --latency-clock both --include-h2d 1 --idle_per_batch_sec 0.0 --nvml_interval_ms 10 --out_dir QEF_GPU_eMBB_h2d_5iter_4layer/points/rb170_ly4_mcs19 --save_json 1 --save_latency_npy 0,
170,4,20,6,0.5537109375,271096,489600,1,1718.5211955499312,28.797817466551685,6.525981883112024,352.872,359.642,375.605,399.294,418.566,55.96311950683594,97.1495361328125,True,/usr/bin/python3 ldpc_bench_3.4_tbs_latency.py --K 271096 --code_rate 0.5537109375 --rv 0 --num_iterations 5 --num_prb 170 --num_symbols 12 --start_sym 0 --num_layers 4 --mod_order 6 --batches 1 --num_streams 1 --mode both --target_sec 6.0 --gpu 0 --warmup_iters 50 --lat_samples 400000 --lat_discard 50 --lat_trim_us 1000.0 --latency-clock both --include-h2d 1 --idle_per_batch_sec 0.0 --nvml_interval_ms 10 --out_dir QEF_GPU_eMBB_h2d_5iter_4layer/points/rb170_ly4_mcs20 --save_json 1 --save_latency_npy 0,
170,4,21,6,0.6015625,294525,489600,1,1940.786534282527,25.679802772592843,5.9586119884174735,347.379,354.179,370.095,393.143,414.641,56.449249267578125,93.26029968261719,True,/usr/bin/python3 ldpc_bench_3.4_tbs_latency.py --K 294525 --code_rate 0.6015625 --rv 0 --num_iterations 5 --num_prb 170 --num_symbols 12 --start_sym 0 --num_layers 4 --mod_order 6 --batches 1 --num_streams 1 --mode both --target_sec 6.0 --gpu 0 --warmup_iters 50 --lat_samples 400000 --lat_discard 50 --lat_trim_us 1000.0 --latency-clock both --include-h2d 1 --idle_per_batch_sec 0.0 --nvml_interval_ms 10 --out_dir QEF_GPU_eMBB_h2d_5iter_4layer/points/rb170_ly4_mcs21 --save_json 1 --save_latency_npy 0,
170,4,22,6,0.650390625,318431,489600,1,2144.703458793847,23.45873216619647,5.612618589511435,412.815,419.947,439.385,461.673,483.844,57.08235549926758,93.59099578857422,True,/usr/bin/python3 ldpc_bench_3.4_tbs_latency.py --K 318431 --code_rate 0.650390625 --rv 0 --num_iterations 5 --num_prb 170 --num_symbols 12 --start_sym 0 --num_layers 4 --mod_order 6 --batches 1 --num_streams 1 --mode both --target_sec 6.0 --gpu 0 --warmup_iters 50 --lat_samples 400000 --lat_discard 50 --lat_trim_us 1000.0 --latency-clock both --include-h2d 1 --idle_per_batch_sec 0.0 --nvml_interval_ms 10 --out_dir QEF_GPU_eMBB_h2d_5iter_4layer/points/rb170_ly4_mcs22 --save_json 1 --save_latency_npy 0,
170,4,23,6,0.7021484375,343771,489600,1,2336.3439630617977,21.75858466254654,5.376312994044003,342.204,348.869,364.431,386.781,399.942,57.349735260009766,93.0578384399414,True,/usr/bin/python3 ldpc_bench_3.4_tbs_latency.py --K 343771 --code_rate 0.7021484375 --rv 0 --num_iterations 5 --num_prb 170 --num_symbols 12 --start_sym 0 --num_layers 4 --mod_order 6 --batches 1 --num_streams 1 --mode both --target_sec 6.0 --gpu 0 --warmup_iters 50 --lat_samples 400000 --lat_discard 50 --lat_trim_us 1000.0 --latency-clock both --include-h2d 1 --idle_per_batch_sec 0.0 --nvml_interval_ms 10 --out_dir QEF_GPU_eMBB_h2d_5iter_4layer/points/rb170_ly4_mcs23 --save_json 1 --save_latency_npy 0,
170,4,24,6,0.75390625,369112,489600,1,2559.820502572928,19.895617055088703,4.943544643967055,342.287,348.933,364.917,387.582,408.835,57.88072204589844,92.89097595214844,True,/usr/bin/python3 ldpc_bench_3.4_tbs_latency.py --K 369112 --code_rate 0.75390625 --rv 0 --num_iterations 5 --num_prb 170 --num_symbols 12 --start_sym 0 --num_layers 4 --mod_order 6 --batches 1 --num_streams 1 --mode both --target_sec 6.0 --gpu 0 --warmup_iters 50 --lat_samples 400000 --lat_discard 50 --lat_trim_us 1000.0 --latency-clock both --include-h2d 1 --idle_per_batch_sec 0.0 --nvml_interval_ms 10 --out_dir QEF_GPU_eMBB_h2d_5iter_4layer/points/rb170_ly4_mcs24 --save_json 1 --save_latency_npy 0,
170,4,25,6,0.802734375,393018,489600,1,2781.7086991887513,18.389385511032092,4.629993118469018,335.152,341.831,358.486,382.536,402.965,57.694786071777344,92.48880767822266,True,/usr/bin/python3 ldpc_bench_3.4_tbs_latency.py --K 393018 --code_rate 0.802734375 --rv 0 --num_iterations 5 --num_prb 170 --num_symbols 12 --start_sym 0 --num_layers 4 --mod_order 6 --batches 1 --num_streams 1 --mode both --target_sec 6.0 --gpu 0 --warmup_iters 50 --lat_samples 400000 --lat_discard 50 --lat_trim_us 1000.0 --latency-clock both --include-h2d 1 --idle_per_batch_sec 0.0 --nvml_interval_ms 10 --out_dir QEF_GPU_eMBB_h2d_5iter_4layer/points/rb170_ly4_mcs25 --save_json 1 --save_latency_npy 0,
170,4,26,6,0.8525390625,417403,489600,1,3001.3991910922937,16.933318143987183,4.181058588664582,333.545,340.485,357.149,380.512,398.19,57.42396926879883,96.80747985839844,True,/usr/bin/python3 ldpc_bench_3.4_tbs_latency.py --K 417403 --code_rate 0.8525390625 --rv 0 --num_iterations 5 --num_prb 170 --num_symbols 12 --start_sym 0 --num_layers 4 --mod_order 6 --batches 1 --num_streams 1 --mode both --target_sec 6.0 --gpu 0 --warmup_iters 50 --lat_samples 400000 --lat_discard 50 --lat_trim_us 1000.0 --latency-clock both --include-h2d 1 --idle_per_batch_sec 0.0 --nvml_interval_ms 10 --out_dir QEF_GPU_eMBB_h2d_5iter_4layer/points/rb170_ly4_mcs26 --save_json 1 --save_latency_npy 0,
170,4,27,6,0.888671875,435093,489600,1,3175.241502568694,16.06688984609007,4.012807823358578,332.361,338.713,356.206,379.935,401.537,57.6362419128418,92.47476959228516,True,/usr/bin/python3 ldpc_bench_3.4_tbs_latency.py --K 435093 --code_rate 0.888671875 --rv 0 --num_iterations 5 --num_prb 170 --num_symbols 12 --start_sym 0 --num_layers 4 --mod_order 6 --batches 1 --num_streams 1 --mode both --target_sec 6.0 --gpu 0 --warmup_iters 50 --lat_samples 400000 --lat_discard 50 --lat_trim_us 1000.0 --latency-clock both --include-h2d 1 --idle_per_batch_sec 0.0 --nvml_interval_ms 10 --out_dir QEF_GPU_eMBB_h2d_5iter_4layer/points/rb170_ly4_mcs27 --save_json 1 --save_latency_npy 0,
170,4,28,6,0.92578125,453262,489600,1,3262.6356809852655,15.651044453378388,3.919847575648575,333.496,339.991,357.487,382.396,400.904,57.803123474121094,93.94569396972656,True,/usr/bin/python3 ldpc_bench_3.4_tbs_latency.py --K 453262 --code_rate 0.92578125 --rv 0 --num_iterations 5 --num_prb 170 --num_symbols 12 --start_sym 0 --num_layers 4 --mod_order 6 --batches 1 --num_streams 1 --mode both --target_sec 6.0 --gpu 0 --warmup_iters 50 --lat_samples 400000 --lat_discard 50 --lat_trim_us 1000.0 --latency-clock both --include-h2d 1 --idle_per_batch_sec 0.0 --nvml_interval_ms 10 --out_dir QEF_GPU_eMBB_h2d_5iter_4layer/points/rb170_ly4_mcs28 --save_json 1 --save_latency_npy 0,
200,4,10,4,0.33203125,127500,384000,1,1136.2139970711248,42.32334194427396,8.637239139162759,284.959,291.385,307.375,331.579,355.585,54.473445892333984,91.87429809570312,True,/usr/bin/python3 ldpc_bench_3.4_tbs_latency.py --K 127500 --code_rate 0.33203125 --rv 0 --num_iterations 5 --num_prb 200 --num_symbols 12 --start_sym 0 --num_layers 4 --mod_order 4 --batches 1 --num_streams 1 --mode both --target_sec 6.0 --gpu 0 --warmup_iters 50 --lat_samples 400000 --lat_discard 50 --lat_trim_us 1000.0 --latency-clock both --include-h2d 1 --idle_per_batch_sec 0.0 --nvml_interval_ms 10 --out_dir QEF_GPU_eMBB_h2d_5iter_4layer/points/rb200_ly4_mcs10 --save_json 1 --save_latency_npy 0,
200,4,11,4,0.369140625,141750,384000,1,1274.7309584245286,38.01231547188328,7.986668678736606,280.992,287.403,304.403,325.471,347.908,54.990631103515625,94.31391143798828,True,/usr/bin/python3 ldpc_bench_3.4_tbs_latency.py --K 141750 --code_rate 0.369140625 --rv 0 --num_iterations 5 --num_prb 200 --num_symbols 12 --start_sym 0 --num_layers 4 --mod_order 4 --batches 1 --num_streams 1 --mode both --target_sec 6.0 --gpu 0 --warmup_iters 50 --lat_samples 400000 --lat_discard 50 --lat_trim_us 1000.0 --latency-clock both --include-h2d 1 --idle_per_batch_sec 0.0 --nvml_interval_ms 10 --out_dir QEF_GPU_eMBB_h2d_5iter_4layer/points/rb200_ly4_mcs11 --save_json 1 --save_latency_npy 0,
200,4,12,4,0.423828125,162750,384000,1,1151.6310820401638,40.3865845823694,7.151443476122864,315.125,321.259,339.413,362.532,384.518,52.75361633300781,93.81988525390625,True,/usr/bin/python3 ldpc_bench_3.4_tbs_latency.py --K 162750 --code_rate 0.423828125 --rv 0 --num_iterations 5 --num_prb 200 --num_symbols 12 --start_sym 0 --num_layers 4 --mod_order 4 --batches 1 --num_streams 1 --mode both --target_sec 6.0 --gpu 0 --warmup_iters 50 --lat_samples 400000 --lat_discard 50 --lat_trim_us 1000.0 --latency-clock both --include-h2d 1 --idle_per_batch_sec 0.0 --nvml_interval_ms 10 --out_dir QEF_GPU_eMBB_h2d_5iter_4layer/points/rb200_ly4_mcs12 --save_json 1 --save_latency_npy 0,
200,4,13,4,0.478515625,183750,384000,1,1342.49553798725,34.74877546473945,6.238720547664762,309.227,315.522,332.389,356.019,375.455,52.80302429199219,95.0880126953125,True,/usr/bin/python3 ldpc_bench_3.4_tbs_latency.py --K 183750 --code_rate 0.478515625 --rv 0 --num_iterations 5 --num_prb 200 --num_symbols 12 --start_sym 0 --num_layers 4 --mod_order 4 --batches 1 --num_streams 1 --mode both --target_sec 6.0 --gpu 0 --warmup_iters 50 --lat_samples 400000 --lat_discard 50 --lat_trim_us 1000.0 --latency-clock both --include-h2d 1 --idle_per_batch_sec 0.0 --nvml_interval_ms 10 --out_dir QEF_GPU_eMBB_h2d_5iter_4layer/points/rb200_ly4_mcs13 --save_json 1 --save_latency_npy 0,
200,4,14,4,0.5400390625,207375,384000,1,1647.3166105418206,28.694512357581146,5.459985813618669,299.417,305.677,321.406,345.365,364.304,53.37731170654297,93.9570083618164,True,/usr/bin/python3 ldpc_bench_3.4_tbs_latency.py --K 207375 --code_rate 0.5400390625 --rv 0 --num_iterations 5 --num_prb 200 --num_symbols 12 --start_sym 0 --num_layers 4 --mod_order 4 --batches 1 --num_streams 1 --mode both --target_sec 6.0 --gpu 0 --warmup_iters 50 --lat_samples 400000 --lat_discard 50 --lat_trim_us 1000.0 --latency-clock both --include-h2d 1 --idle_per_batch_sec 0.0 --nvml_interval_ms 10 --out_dir QEF_GPU_eMBB_h2d_5iter_4layer/points/rb200_ly4_mcs14 --save_json 1 --save_latency_npy 0,
200,4,15,4,0.6015625,231000,384000,1,1952.7134568168556,24.771663316723487,5.170927028289135,290.1,296.447,312.485,334.935,352.11,54.706878662109375,92.9176025390625,True,/usr/bin/python3 ldpc_bench_3.4_tbs_latency.py --K 231000 --code_rate 0.6015625 --rv 0 --num_iterations 5 --num_prb 200 --num_symbols 12 --start_sym 0 --num_layers 4 --mod_order 4 --batches 1 --num_streams 1 --mode both --target_sec 6.0 --gpu 0 --warmup_iters 50 --lat_samples 400000 --lat_discard 50 --lat_trim_us 1000.0 --latency-clock both --include-h2d 1 --idle_per_batch_sec 0.0 --nvml_interval_ms 10 --out_dir QEF_GPU_eMBB_h2d_5iter_4layer/points/rb200_ly4_mcs15 --save_json 1 --save_latency_npy 0,
200,4,16,4,0.642578125,246750,384000,1,2112.368950027297,23.007170724167423,4.887882654983475,289.457,295.883,312.188,334.839,356.958,54.85862731933594,92.81682586669922,True,/usr/bin/python3 ldpc_bench_3.4_tbs_latency.py --K 246750 --code_rate 0.642578125 --rv 0 --num_iterations 5 --num_prb 200 --num_symbols 12 --start_sym 0 --num_layers 4 --mod_order 4 --batches 1 --num_streams 1 --mode both --target_sec 6.0 --gpu 0 --warmup_iters 50 --lat_samples 400000 --lat_discard 50 --lat_trim_us 1000.0 --latency-clock both --include-h2d 1 --idle_per_batch_sec 0.0 --nvml_interval_ms 10 --out_dir QEF_GPU_eMBB_h2d_5iter_4layer/points/rb200_ly4_mcs16 --save_json 1 --save_latency_npy 0,
200,4,17,6,0.427734375,246375,576000,1,1574.3322817520364,32.24354221774838,7.9318883454480975,376.021,383.764,398.899,422.725,439.183,57.29087829589844,93.28544616699219,True,/usr/bin/python3 ldpc_bench_3.4_tbs_latency.py --K 246375 --code_rate 0.427734375 --rv 0 --num_iterations 5 --num_prb 200 --num_symbols 12 --start_sym 0 --num_layers 4 --mod_order 6 --batches 1 --num_streams 1 --mode both --target_sec 6.0 --gpu 0 --warmup_iters 50 --lat_samples 400000 --lat_discard 50 --lat_trim_us 1000.0 --latency-clock both --include-h2d 1 --idle_per_batch_sec 0.0 --nvml_interval_ms 10 --out_dir QEF_GPU_eMBB_h2d_5iter_4layer/points/rb200_ly4_mcs17 --save_json 1 --save_latency_npy 0,
200,4,18,6,0.455078125,262125,576000,1,1711.478791859459,29.483194742980046,7.1197148704890445,372.592,380.273,395.836,419.597,438.874,57.4787483215332,96.09416198730469,True,/usr/bin/python3 ldpc_bench_3.4_tbs_latency.py --K 262125 --code_rate 0.455078125 --rv 0 --num_iterations 5 --num_prb 200 --num_symbols 12 --start_sym 0 --num_layers 4 --mod_order 6 --batches 1 --num_streams 1 --mode both --target_sec 6.0 --gpu 0 --warmup_iters 50 --lat_samples 400000 --lat_discard 50 --lat_trim_us 1000.0 --latency-clock both --include-h2d 1 --idle_per_batch_sec 0.0 --nvml_interval_ms 10 --out_dir QEF_GPU_eMBB_h2d_5iter_4layer/points/rb200_ly4_mcs18 --save_json 1 --save_latency_npy 0,
200,4,19,6,0.5048828125,290812,576000,1,1697.6643010125,30.22118059224782,7.675721227214961,392.844,400.185,415.478,439.134,461.512,58.05153274536133,93.84298706054688,True,/usr/bin/python3 ldpc_bench_3.4_tbs_latency.py --K 290812 --code_rate 0.5048828125 --rv 0 --num_iterations 5 --num_prb 200 --num_symbols 12 --start_sym 0 --num_layers 4 --mod_order 6 --batches 1 --num_streams 1 --mode both --target_sec 6.0 --gpu 0 --warmup_iters 50 --lat_samples 400000 --lat_discard 50 --lat_trim_us 1000.0 --latency-clock both --include-h2d 1 --idle_per_batch_sec 0.0 --nvml_interval_ms 10 --out_dir QEF_GPU_eMBB_h2d_5iter_4layer/points/rb200_ly4_mcs19 --save_json 1 --save_latency_npy 0,
200,4,20,6,0.5537109375,318937,576000,1,1997.4494011103654,25.492545902482725,6.33079817927748,378.01,386.019,401.16,423.315,441.693,57.69411087036133,93.14606475830078,True,/usr/bin/python3 ldpc_bench_3.4_tbs_latency.py --K 318937 --code_rate 0.5537109375 --rv 0 --num_iterations 5 --num_prb 200 --num_symbols 12 --start_sym 0 --num_layers 4 --mod_order 6 --batches 1 --num_streams 1 --mode both --target_sec 6.0 --gpu 0 --warmup_iters 50 --lat_samples 400000 --lat_discard 50 --lat_trim_us 1000.0 --latency-clock both --include-h2d 1 --idle_per_batch_sec 0.0 --nvml_interval_ms 10 --out_dir QEF_GPU_eMBB_h2d_5iter_4layer/points/rb200_ly4_mcs20 --save_json 1 --save_latency_npy 0,
200,4,21,6,0.6015625,346500,576000,1,2229.4401411597264,22.905926572865045,5.738109053425273,375.638,383.088,398.061,420.695,434.447,57.95781707763672,93.7054443359375,True,/usr/bin/python3 ldpc_bench_3.4_tbs_latency.py --K 346500 --code_rate 0.6015625 --rv 0 --num_iterations 5 --num_prb 200 --num_symbols 12 --start_sym 0 --num_layers 4 --mod_order 6 --batches 1 --num_streams 1 --mode both --target_sec 6.0 --gpu 0 --warmup_iters 50 --lat_samples 400000 --lat_discard 50 --lat_trim_us 1000.0 --latency-clock both --include-h2d 1 --idle_per_batch_sec 0.0 --nvml_interval_ms 10 --out_dir QEF_GPU_eMBB_h2d_5iter_4layer/points/rb200_ly4_mcs21 --save_json 1 --save_latency_npy 0,
200,4,22,6,0.650390625,374625,576000,1,2457.5212952343973,20.940760440138778,5.366278303131045,370.996,378.495,393.978,416.877,435.391,58.17914581298828,96.80747985839844,True,/usr/bin/python3 ldpc_bench_3.4_tbs_latency.py --K 374625 --code_rate 0.650390625 --rv 0 --num_iterations 5 --num_prb 200 --num_symbols 12 --start_sym 0 --num_layers 4 --mod_order 6 --batches 1 --num_streams 1 --mode both --target_sec 6.0 --gpu 0 --warmup_iters 50 --lat_samples 400000 --lat_discard 50 --lat_trim_us 1000.0 --latency-clock both --include-h2d 1 --idle_per_batch_sec 0.0 --nvml_interval_ms 10 --out_dir QEF_GPU_eMBB_h2d_5iter_4layer/points/rb200_ly4_mcs22 --save_json 1 --save_latency_npy 0,
200,4,23,6,0.7021484375,404437,576000,1,2650.1984066592468,19.346066586907117,4.903894477162337,370.571,378.065,393.37,415.158,436.876,58.07356643676758,93.3745346069336,True,/usr/bin/python3 ldpc_bench_3.4_tbs_latency.py --K 404437 --code_rate 0.7021484375 --rv 0 --num_iterations 5 --num_prb 200 --num_symbols 12 --start_sym 0 --num_layers 4 --mod_order 6 --batches 1 --num_streams 1 --mode both --target_sec 6.0 --gpu 0 --warmup_iters 50 --lat_samples 400000 --lat_discard 50 --lat_trim_us 1000.0 --latency-clock both --include-h2d 1 --idle_per_batch_sec 0.0 --nvml_interval_ms 10 --out_dir QEF_GPU_eMBB_h2d_5iter_4layer/points/rb200_ly4_mcs23 --save_json 1 --save_latency_npy 0,
200,4,24,6,0.75390625,434250,576000,1,2903.653998096199,17.783144240504594,4.6016076183591,367.096,374.724,390.888,414.663,438.76,58.26042175292969,97.2686538696289,True,/usr/bin/python3 ldpc_bench_3.4_tbs_latency.py --K 434250 --code_rate 0.75390625 --rv 0 --num_iterations 5 --num_prb 200 --num_symbols 12 --start_sym 0 --num_layers 4 --mod_order 6 --batches 1 --num_streams 1 --mode both --target_sec 6.0 --gpu 0 --warmup_iters 50 --lat_samples 400000 --lat_discard 50 --lat_trim_us 1000.0 --latency-clock both --include-h2d 1 --idle_per_batch_sec 0.0 --nvml_interval_ms 10 --out_dir QEF_GPU_eMBB_h2d_5iter_4layer/points/rb200_ly4_mcs24 --save_json 1 --save_latency_npy 0,
200,4,25,6,0.802734375,462375,576000,1,3136.8527143992114,16.575977039676673,4.374377220134361,364.343,371.98,388.167,409.873,432.302,58.6617431640625,96.24440002441406,True,/usr/bin/python3 ldpc_bench_3.4_tbs_latency.py --K 462375 --code_rate 0.802734375 --rv 0 --num_iterations 5 --num_prb 200 --num_symbols 12 --start_sym 0 --num_layers 4 --mod_order 6 --batches 1 --num_streams 1 --mode both --target_sec 6.0 --gpu 0 --warmup_iters 50 --lat_samples 400000 --lat_discard 50 --lat_trim_us 1000.0 --latency-clock both --include-h2d 1 --idle_per_batch_sec 0.0 --nvml_interval_ms 10 --out_dir QEF_GPU_eMBB_h2d_5iter_4layer/points/rb200_ly4_mcs25 --save_json 1 --save_latency_npy 0,
200,4,26,6,0.8525390625,491062,576000,1,3315.9073612074394,16.01695214247748,4.474222703857974,366.754,374.166,389.174,412.729,426.729,60.031272888183594,93.04486083984375,True,/usr/bin/python3 ldpc_bench_3.4_tbs_latency.py --K 491062 --code_rate 0.8525390625 --rv 0 --num_iterations 5 --num_prb 200 --num_symbols 12 --start_sym 0 --num_layers 4 --mod_order 6 --batches 1 --num_streams 1 --mode both --target_sec 6.0 --gpu 0 --warmup_iters 50 --lat_samples 400000 --lat_discard 50 --lat_trim_us 1000.0 --latency-clock both --include-h2d 1 --idle_per_batch_sec 0.0 --nvml_interval_ms 10 --out_dir QEF_GPU_eMBB_h2d_5iter_4layer/points/rb200_ly4_mcs26 --save_json 1 --save_latency_npy 0,
200,4,27,6,0.888671875,511875,576000,1,3411.3809024612324,15.624462870268903,4.404777174564277,369.49,376.987,392.306,416.562,434.082,60.13798522949219,92.60261535644531,True,/usr/bin/python3 ldpc_bench_3.4_tbs_latency.py --K 511875 --code_rate 0.888671875 --rv 0 --num_iterations 5 --num_prb 200 --num_symbols 12 --start_sym 0 --num_layers 4 --mod_order 6 --batches 1 --num_streams 1 --mode both --target_sec 6.0 --gpu 0 --warmup_iters 50 --lat_samples 400000 --lat_discard 50 --lat_trim_us 1000.0 --latency-clock both --include-h2d 1 --idle_per_batch_sec 0.0 --nvml_interval_ms 10 --out_dir QEF_GPU_eMBB_h2d_5iter_4layer/points/rb200_ly4_mcs27 --save_json 1 --save_latency_npy 0,
200,4,28,6,0.92578125,533250,576000,1,3553.790269794694,14.878003737203061,4.1079192335513035,369.979,377.621,392.368,415.726,432.967,60.105873107910156,94.7255630493164,True,/usr/bin/python3 ldpc_bench_3.4_tbs_latency.py --K 533250 --code_rate 0.92578125 --rv 0 --num_iterations 5 --num_prb 200 --num_symbols 12 --start_sym 0 --num_layers 4 --mod_order 6 --batches 1 --num_streams 1 --mode both --target_sec 6.0 --gpu 0 --warmup_iters 50 --lat_samples 400000 --lat_discard 50 --lat_trim_us 1000.0 --latency-clock both --include-h2d 1 --idle_per_batch_sec 0.0 --nvml_interval_ms 10 --out_dir QEF_GPU_eMBB_h2d_5iter_4layer/points/rb200_ly4_mcs28 --save_json 1 --save_latency_npy 0,
273,4,10,4,0.33203125,174037,524160,1,1433.9420699100488,35.99998436764107,9.308096098859615,322.641,329.7,345.877,369.495,386.702,58.6082649230957,93.0056381225586,True,/usr/bin/python3 ldpc_bench_3.4_tbs_latency.py --K 174037 --code_rate 0.33203125 --rv 0 --num_iterations 5 --num_prb 273 --num_symbols 12 --start_sym 0 --num_layers 4 --mod_order 4 --batches 1 --num_streams 1 --mode both --target_sec 6.0 --gpu 0 --warmup_iters 50 --lat_samples 400000 --lat_discard 50 --lat_trim_us 1000.0 --latency-clock both --include-h2d 1 --idle_per_batch_sec 0.0 --nvml_interval_ms 10 --out_dir QEF_GPU_eMBB_h2d_5iter_4layer/points/rb273_ly4_mcs10 --save_json 1 --save_latency_npy 0,
273,4,11,4,0.369140625,193488,524160,1,1648.8202466850921,31.819708856359735,8.606370961647254,319.263,325.256,345.114,366.737,390.124,59.221004486083984,95.09719848632812,True,/usr/bin/python3 ldpc_bench_3.4_tbs_latency.py --K 193488 --code_rate 0.369140625 --rv 0 --num_iterations 5 --num_prb 273 --num_symbols 12 --start_sym 0 --num_layers 4 --mod_order 4 --batches 1 --num_streams 1 --mode both --target_sec 6.0 --gpu 0 --warmup_iters 50 --lat_samples 400000 --lat_discard 50 --lat_trim_us 1000.0 --latency-clock both --include-h2d 1 --idle_per_batch_sec 0.0 --nvml_interval_ms 10 --out_dir QEF_GPU_eMBB_h2d_5iter_4layer/points/rb273_ly4_mcs11 --save_json 1 --save_latency_npy 0,
273,4,12,4,0.423828125,222153,524160,1,1454.8519346697665,33.949762822467655,7.641503815593463,356.64,363.623,379.888,402.898,420.686,55.8409309387207,94.07102966308594,True,/usr/bin/python3 ldpc_bench_3.4_tbs_latency.py --K 222153 --code_rate 0.423828125 --rv 0 --num_iterations 5 --num_prb 273 --num_symbols 12 --start_sym 0 --num_layers 4 --mod_order 4 --batches 1 --num_streams 1 --mode both --target_sec 6.0 --gpu 0 --warmup_iters 50 --lat_samples 400000 --lat_discard 50 --lat_trim_us 1000.0 --latency-clock both --include-h2d 1 --idle_per_batch_sec 0.0 --nvml_interval_ms 10 --out_dir QEF_GPU_eMBB_h2d_5iter_4layer/points/rb273_ly4_mcs12 --save_json 1 --save_latency_npy 0,
273,4,13,4,0.478515625,250818,524160,1,1680.5065979248357,29.75505914136061,6.979414248798193,353.242,360.095,375.771,398.688,418.778,56.735618591308594,96.2232666015625,True,/usr/bin/python3 ldpc_bench_3.4_tbs_latency.py --K 250818 --code_rate 0.478515625 --rv 0 --num_iterations 5 --num_prb 273 --num_symbols 12 --start_sym 0 --num_layers 4 --mod_order 4 --batches 1 --num_streams 1 --mode both --target_sec 6.0 --gpu 0 --warmup_iters 50 --lat_samples 400000 --lat_discard 50 --lat_trim_us 1000.0 --latency-clock both --include-h2d 1 --idle_per_batch_sec 0.0 --nvml_interval_ms 10 --out_dir QEF_GPU_eMBB_h2d_5iter_4layer/points/rb273_ly4_mcs13 --save_json 1 --save_latency_npy 0,
273,4,14,4,0.5400390625,283066,524160,1,1764.8073641252172,28.49553232486846,6.807827314120015,363.552,369.583,389.304,412.082,433.908,56.87367248535156,92.58878326416016,True,/usr/bin/python3 ldpc_bench_3.4_tbs_latency.py --K 283066 --code_rate 0.5400390625 --rv 0 --num_iterations 5 --num_prb 273 --num_symbols 12 --start_sym 0 --num_layers 4 --mod_order 4 --batches 1 --num_streams 1 --mode both --target_sec 6.0 --gpu 0 --warmup_iters 50 --lat_samples 400000 --lat_discard 50 --lat_trim_us 1000.0 --latency-clock both --include-h2d 1 --idle_per_batch_sec 0.0 --nvml_interval_ms 10 --out_dir QEF_GPU_eMBB_h2d_5iter_4layer/points/rb273_ly4_mcs14 --save_json 1 --save_latency_npy 0,
273,4,15,4,0.6015625,315315,524160,1,2040.0959370632163,24.614543215558736,5.853356146561492,357.028,363.542,380.068,402.607,421.687,56.77667999267578,96.35140228271484,True,/usr/bin/python3 ldpc_bench_3.4_tbs_latency.py --K 315315 --code_rate 0.6015625 --rv 0 --num_iterations 5 --num_prb 273 --num_symbols 12 --start_sym 0 --num_layers 4 --mod_order 4 --batches 1 --num_streams 1 --mode both --target_sec 6.0 --gpu 0 --warmup_iters 50 --lat_samples 400000 --lat_discard 50 --lat_trim_us 1000.0 --latency-clock both --include-h2d 1 --idle_per_batch_sec 0.0 --nvml_interval_ms 10 --out_dir QEF_GPU_eMBB_h2d_5iter_4layer/points/rb273_ly4_mcs15 --save_json 1 --save_latency_npy 0,
273,4,16,4,0.642578125,336813,524160,1,2226.3510584648943,22.504305852458092,5.312667827350225,354.178,360.846,378.662,401.817,418.494,57.17503356933594,97.0075454711914,True,/usr/bin/python3 ldpc_bench_3.4_tbs_latency.py --K 336813 --code_rate 0.642578125 --rv 0 --num_iterations 5 --num_prb 273 --num_symbols 12 --start_sym 0 --num_layers 4 --mod_order 4 --batches 1 --num_streams 1 --mode both --target_sec 6.0 --gpu 0 --warmup_iters 50 --lat_samples 400000 --lat_discard 50 --lat_trim_us 1000.0 --latency-clock both --include-h2d 1 --idle_per_batch_sec 0.0 --nvml_interval_ms 10 --out_dir QEF_GPU_eMBB_h2d_5iter_4layer/points/rb273_ly4_mcs16 --save_json 1 --save_latency_npy 0,
273,4,17,6,0.427734375,336301,786240,1,1792.521746550498,29.45539800920387,8.10300907021368,453.004,461.863,476.927,499.55,518.882,60.012027740478516,93.93433380126953,True,/usr/bin/python3 ldpc_bench_3.4_tbs_latency.py --K 336301 --code_rate 0.427734375 --rv 0 --num_iterations 5 --num_prb 273 --num_symbols 12 --start_sym 0 --num_layers 4 --mod_order 6 --batches 1 --num_streams 1 --mode both --target_sec 6.0 --gpu 0 --warmup_iters 50 --lat_samples 400000 --lat_discard 50 --lat_trim_us 1000.0 --latency-clock both --include-h2d 1 --idle_per_batch_sec 0.0 --nvml_interval_ms 10 --out_dir QEF_GPU_eMBB_h2d_5iter_4layer/points/rb273_ly4_mcs17 --save_json 1 --save_latency_npy 0,
273,4,18,6,0.455078125,357800,786240,1,1950.3651321504638,26.964223012159962,7.339886582528038,449.032,456.931,474.523,496.778,518.325,59.6515007019043,99.31460571289062,True,/usr/bin/python3 ldpc_bench_3.4_tbs_latency.py --K 357800 --code_rate 0.455078125 --rv 0 --num_iterations 5 --num_prb 273 --num_symbols 12 --start_sym 0 --num_layers 4 --mod_order 6 --batches 1 --num_streams 1 --mode both --target_sec 6.0 --gpu 0 --warmup_iters 50 --lat_samples 400000 --lat_discard 50 --lat_trim_us 1000.0 --latency-clock both --include-h2d 1 --idle_per_batch_sec 0.0 --nvml_interval_ms 10 --out_dir QEF_GPU_eMBB_h2d_5iter_4layer/points/rb273_ly4_mcs18 --save_json 1 --save_latency_npy 0,
273,4,19,6,0.5048828125,396959,786240,1,2189.1121933059153,23.981757868111174,6.497673849492042,445.709,454.61,469.96,491.472,510.688,59.76531219482422,94.15225219726562,True,/usr/bin/python3 ldpc_bench_3.4_tbs_latency.py --K 396959 --code_rate 0.5048828125 --rv 0 --num_iterations 5 --num_prb 273 --num_symbols 12 --start_sym 0 --num_layers 4 --mod_order 6 --batches 1 --num_streams 1 --mode both --target_sec 6.0 --gpu 0 --warmup_iters 50 --lat_samples 400000 --lat_discard 50 --lat_trim_us 1000.0 --latency-clock both --include-h2d 1 --idle_per_batch_sec 0.0 --nvml_interval_ms 10 --out_dir QEF_GPU_eMBB_h2d_5iter_4layer/points/rb273_ly4_mcs19 --save_json 1 --save_latency_npy 0,
273,4,20,6,0.5537109375,435349,786240,1,2540.522090919466,20.734817850859056,5.669165932008047,432.531,440.741,457.39,479.852,502.979,59.8287467956543,94.84990692138672,True,/usr/bin/python3 ldpc_bench_3.4_tbs_latency.py --K 435349 --code_rate 0.5537109375 --rv 0 --num_iterations 5 --num_prb 273 --num_symbols 12 --start_sym 0 --num_layers 4 --mod_order 6 --batches 1 --num_streams 1 --mode both --target_sec 6.0 --gpu 0 --warmup_iters 50 --lat_samples 400000 --lat_discard 50 --lat_trim_us 1000.0 --latency-clock both --include-h2d 1 --idle_per_batch_sec 0.0 --nvml_interval_ms 10 --out_dir QEF_GPU_eMBB_h2d_5iter_4layer/points/rb273_ly4_mcs20 --save_json 1 --save_latency_npy 0,
273,4,21,6,0.6015625,472972,786240,1,2742.439471002699,19.638083849043735,5.681669525722263,435.019,443.064,459.919,482.363,504.706,60.94004440307617,93.38691711425781,True,/usr/bin/python3 ldpc_bench_3.4_tbs_latency.py --K 472972 --code_rate 0.6015625 --rv 0 --num_iterations 5 --num_prb 273 --num_symbols 12 --start_sym 0 --num_layers 4 --mod_order 6 --batches 1 --num_streams 1 --mode both --target_sec 6.0 --gpu 0 --warmup_iters 50 --lat_samples 400000 --lat_discard 50 --lat_trim_us 1000.0 --latency-clock both --include-h2d 1 --idle_per_batch_sec 0.0 --nvml_interval_ms 10 --out_dir QEF_GPU_eMBB_h2d_5iter_4layer/points/rb273_ly4_mcs21 --save_json 1 --save_latency_npy 0,
273,4,22,6,0.650390625,511363,786240,1,2967.4586411825067,18.400019750939016,5.5019051882733265,433.784,442.398,457.429,480.659,498.832,61.668479919433594,93.0578384399414,True,/usr/bin/python3 ldpc_bench_3.4_tbs_latency.py --K 511363 --code_rate 0.650390625 --rv 0 --num_iterations 5 --num_prb 273 --num_symbols 12 --start_sym 0 --num_layers 4 --mod_order 6 --batches 1 --num_streams 1 --mode both --target_sec 6.0 --gpu 0 --warmup_iters 50 --lat_samples 400000 --lat_discard 50 --lat_trim_us 1000.0 --latency-clock both --include-h2d 1 --idle_per_batch_sec 0.0 --nvml_interval_ms 10 --out_dir QEF_GPU_eMBB_h2d_5iter_4layer/points/rb273_ly4_mcs22 --save_json 1 --save_latency_npy 0,
273,4,23,6,0.7021484375,552057,786240,1,2839.4331570754666,18.755634764180144,5.275964915791823,460.673,469.003,483.774,508.326,520.907,60.32382583618164,100.0,True,/usr/bin/python3 ldpc_bench_3.4_tbs_latency.py --K 552057 --code_rate 0.7021484375 --rv 0 --num_iterations 5 --num_prb 273 --num_symbols 12 --start_sym 0 --num_layers 4 --mod_order 6 --batches 1 --num_streams 1 --mode both --target_sec 6.0 --gpu 0 --warmup_iters 50 --lat_samples 400000 --lat_discard 50 --lat_trim_us 1000.0 --latency-clock both --include-h2d 1 --idle_per_batch_sec 0.0 --nvml_interval_ms 10 --out_dir QEF_GPU_eMBB_h2d_5iter_4layer/points/rb273_ly4_mcs23 --save_json 1 --save_latency_npy 0,
273,4,24,6,0.75390625,592751,786240,1,3066.077220335924,17.43632135266892,4.953067095376989,455.631,464.326,480.731,501.852,521.043,60.89448547363281,95.64286041259766,True,/usr/bin/python3 ldpc_bench_3.4_tbs_latency.py --K 592751 --code_rate 0.75390625 --rv 0 --num_iterations 5 --num_prb 273 --num_symbols 12 --start_sym 0 --num_layers 4 --mod_order 6 --batches 1 --num_streams 1 --mode both --target_sec 6.0 --gpu 0 --warmup_iters 50 --lat_samples 400000 --lat_discard 50 --lat_trim_us 1000.0 --latency-clock both --include-h2d 1 --idle_per_batch_sec 0.0 --nvml_interval_ms 10 --out_dir QEF_GPU_eMBB_h2d_5iter_4layer/points/rb273_ly4_mcs24 --save_json 1 --save_latency_npy 0,
273,4,25,6,0.802734375,631141,786240,1,3304.575549917862,16.065589455219698,4.483278524275608,454.256,462.527,478.507,499.588,516.885,60.46689224243164,95.5281982421875,True,/usr/bin/python3 ldpc_bench_3.4_tbs_latency.py --K 631141 --code_rate 0.802734375 --rv 0 --num_iterations 5 --num_prb 273 --num_symbols 12 --start_sym 0 --num_layers 4 --mod_order 6 --batches 1 --num_streams 1 --mode both --target_sec 6.0 --gpu 0 --warmup_iters 50 --lat_samples 400000 --lat_discard 50 --lat_trim_us 1000.0 --latency-clock both --include-h2d 1 --idle_per_batch_sec 0.0 --nvml_interval_ms 10 --out_dir QEF_GPU_eMBB_h2d_5iter_4layer/points/rb273_ly4_mcs25 --save_json 1 --save_latency_npy 0,
273,4,26,6,0.8525390625,670300,786240,1,3506.8522711862397,15.238313699437983,4.324075358569029,454.771,463.214,479.013,501.96,520.669,60.86329650878906,94.4962387084961,True,/usr/bin/python3 ldpc_bench_3.4_tbs_latency.py --K 670300 --code_rate 0.8525390625 --rv 0 --num_iterations 5 --num_prb 273 --num_symbols 12 --start_sym 0 --num_layers 4 --mod_order 6 --batches 1 --num_streams 1 --mode both --target_sec 6.0 --gpu 0 --warmup_iters 50 --lat_samples 400000 --lat_discard 50 --lat_trim_us 1000.0 --latency-clock both --include-h2d 1 --idle_per_batch_sec 0.0 --nvml_interval_ms 10 --out_dir QEF_GPU_eMBB_h2d_5iter_4layer/points/rb273_ly4_mcs26 --save_json 1 --save_latency_npy 0,
273,4,27,6,0.888671875,698709,786240,1,3639.680527314597,14.866140236853557,4.3502113725738845,456.121,464.548,480.154,503.657,521.521,61.17186737060547,100.0,True,/usr/bin/python3 ldpc_bench_3.4_tbs_latency.py --K 698709 --code_rate 0.888671875 --rv 0 --num_iterations 5 --num_prb 273 --num_symbols 12 --start_sym 0 --num_layers 4 --mod_order 6 --batches 1 --num_streams 1 --mode both --target_sec 6.0 --gpu 0 --warmup_iters 50 --lat_samples 400000 --lat_discard 50 --lat_trim_us 1000.0 --latency-clock both --include-h2d 1 --idle_per_batch_sec 0.0 --nvml_interval_ms 10 --out_dir QEF_GPU_eMBB_h2d_5iter_4layer/points/rb273_ly4_mcs27 --save_json 1 --save_latency_npy 0,
273,4,28,6,0.92578125,727886,786240,1,3725.5694163924386,14.836958660074531,4.563462923949851,460.7,468.101,485.827,508.311,530.162,62.85022735595703,96.10881805419922,True,/usr/bin/python3 ldpc_bench_3.4_tbs_latency.py --K 727886 --code_rate 0.92578125 --rv 0 --num_iterations 5 --num_prb 273 --num_symbols 12 --start_sym 0 --num_layers 4 --mod_order 6 --batches 1 --num_streams 1 --mode both --target_sec 6.0 --gpu 0 --warmup_iters 50 --lat_samples 400000 --lat_discard 50 --lat_trim_us 1000.0 --latency-clock both --include-h2d 1 --idle_per_batch_sec 0.0 --nvml_interval_ms 10 --out_dir QEF_GPU_eMBB_h2d_5iter_4layer/points/rb273_ly4_mcs28 --save_json 1 --save_latency_npy 0,
