cells,threads_used,nof_cb,rb,layers,mcs,mod_order,mod,code_rate,tbs_bits,p50_us,p75_us,p90_us,p99_us,p99_9_us,p99_99_us,p99_999_us,worst_us,latency_thr_mbps,wall_thr_mbps,avg_iters,work_pkg_w,work_pkg_dram_w,idle_pkg_w,idle_pkg_dram_w,gross_pkg_j_per_bit,gross_pkg_dram_j_per_bit,net_pkg_j_per_bit,net_pkg_dram_j_per_bit,success,command,error
1,1,1,6,1,0,2,QPSK,0.1171875,64,72.13,73.432,74.409,77.165,79.489,88.906,103.335,417.248,0.882,0.797,5.0,,,113.73134029999999,139.73603805,,,0.0001517,0.0001845,True,ldpc_decoder_energy_benchmark_cb_cells --pure --decoder avx512 --dematcher avx512 --threads 1 --cells 1 --reps 300000 --iters 5 --warmup 20 --idle 0 --energy-scope socket1 --rb 6 --symbols 4 --layers 1 --mod QPSK --rate 0.1171875 --rv 0 --cpus 16,
1,1,1,6,1,1,2,QPSK,0.1533203125,88,64.413,66.096,66.998,69.673,72.281,81.597,86.7,399.285,1.355,1.202,5.0,,,113.73134029999999,139.73603805,,,0.0001006,0.0001223,True,ldpc_decoder_energy_benchmark_cb_cells --pure --decoder avx512 --dematcher avx512 --threads 1 --cells 1 --reps 300000 --iters 5 --warmup 20 --idle 0 --energy-scope socket1 --rb 6 --symbols 4 --layers 1 --mod QPSK --rate 0.1533203125 --rv 0 --cpus 16,
1,1,1,6,1,2,2,QPSK,0.1884765625,104,61.506,62.874,63.941,66.588,69.15,78.868,88.024,388.934,1.681,1.484,5.0,,,113.73134029999999,139.73603805,,,8.139e-05,9.901e-05,True,ldpc_decoder_energy_benchmark_cb_cells --pure --decoder avx512 --dematcher avx512 --threads 1 --cells 1 --reps 300000 --iters 5 --warmup 20 --idle 0 --energy-scope socket1 --rb 6 --symbols 4 --layers 1 --mod QPSK --rate 0.1884765625 --rv 0 --cpus 16,
1,1,1,6,1,3,2,QPSK,0.2451171875,136,56.116,57.608,58.531,61.245,63.862,73.734,84.872,386.889,2.404,2.106,5.0,,,113.73134029999999,139.73603805,,,5.734e-05,6.974e-05,True,ldpc_decoder_energy_benchmark_cb_cells --pure --decoder avx512 --dematcher avx512 --threads 1 --cells 1 --reps 300000 --iters 5 --warmup 20 --idle 0 --energy-scope socket1 --rb 6 --symbols 4 --layers 1 --mod QPSK --rate 0.2451171875 --rv 0 --cpus 16,
1,1,1,6,1,4,2,QPSK,0.30078125,168,44.462,45.943,46.772,49.501,51.912,60.696,78.062,373.58,3.741,3.18,5.0,,,113.73134029999999,139.73603805,,,3.798e-05,4.619e-05,True,ldpc_decoder_energy_benchmark_cb_cells --pure --decoder avx512 --dematcher avx512 --threads 1 --cells 1 --reps 300000 --iters 5 --warmup 20 --idle 0 --energy-scope socket1 --rb 6 --symbols 4 --layers 1 --mod QPSK --rate 0.30078125 --rv 0 --cpus 16,
1,1,1,6,1,5,2,QPSK,0.3701171875,208,51.472,52.911,53.888,56.594,59.277,68.216,73.392,384.3,4.007,3.474,5.0,,,113.73134029999999,139.73603805,,,3.474e-05,4.227e-05,True,ldpc_decoder_energy_benchmark_cb_cells --pure --decoder avx512 --dematcher avx512 --threads 1 --cells 1 --reps 300000 --iters 5 --warmup 20 --idle 0 --energy-scope socket1 --rb 6 --symbols 4 --layers 1 --mod QPSK --rate 0.3701171875 --rv 0 --cpus 16,
1,1,1,6,1,6,2,QPSK,0.4384765625,248,42.824,44.207,45.04,47.732,50.452,59.197,86.231,375.039,5.737,4.823,5.0,,,113.73134029999999,139.73603805,,,2.505e-05,3.048e-05,True,ldpc_decoder_energy_benchmark_cb_cells --pure --decoder avx512 --dematcher avx512 --threads 1 --cells 1 --reps 300000 --iters 5 --warmup 20 --idle 0 --energy-scope socket1 --rb 6 --symbols 4 --layers 1 --mod QPSK --rate 0.4384765625 --rv 0 --cpus 16,
1,1,1,6,1,7,2,QPSK,0.513671875,288,40.456,41.825,42.643,45.242,47.713,56.196,62.311,376.855,7.051,5.892,5.0,,,113.73134029999999,139.73603805,,,1.955e-05,2.399e-05,True,ldpc_decoder_energy_benchmark_cb_cells --pure --decoder avx512 --dematcher avx512 --threads 1 --cells 1 --reps 300000 --iters 5 --warmup 20 --idle 0 --energy-scope socket1 --rb 6 --symbols 4 --layers 1 --mod QPSK --rate 0.513671875 --rv 0 --cpus 16,
1,1,1,6,1,8,2,QPSK,0.587890625,336,39.964,41.339,42.162,44.677,47.16,55.692,62.143,367.225,8.329,6.965,5.0,,,113.73134029999999,139.73603805,,,1.648e-05,2.024e-05,True,ldpc_decoder_energy_benchmark_cb_cells --pure --decoder avx512 --dematcher avx512 --threads 1 --cells 1 --reps 300000 --iters 5 --warmup 20 --idle 0 --energy-scope socket1 --rb 6 --symbols 4 --layers 1 --mod QPSK --rate 0.587890625 --rv 0 --cpus 16,
1,1,1,6,1,9,2,QPSK,0.6630859375,376,37.58,38.844,39.686,42.291,44.888,53.356,66.482,355.353,9.917,8.203,5.0,,,113.73134029999999,139.73603805,,,1.397e-05,1.716e-05,True,ldpc_decoder_energy_benchmark_cb_cells --pure --decoder avx512 --dematcher avx512 --threads 1 --cells 1 --reps 300000 --iters 5 --warmup 20 --idle 0 --energy-scope socket1 --rb 6 --symbols 4 --layers 1 --mod QPSK --rate 0.6630859375 --rv 0 --cpus 16,
1,1,1,12,1,0,2,QPSK,0.1171875,128,83.542,84.87,86.012,88.778,91.484,99.885,108.303,401.805,1.524,1.393,5.0,,,113.73134029999999,139.73603805,,,8.257e-05,0.0001013,True,ldpc_decoder_energy_benchmark_cb_cells --pure --decoder avx512 --dematcher avx512 --threads 1 --cells 1 --reps 300000 --iters 5 --warmup 20 --idle 0 --energy-scope socket1 --rb 12 --symbols 4 --layers 1 --mod QPSK --rate 0.1171875 --rv 0 --cpus 16,
1,1,1,12,1,1,2,QPSK,0.1533203125,176,60.834,62.098,63.013,65.653,68.001,77.097,88.64,367.802,2.874,2.546,5.0,,,113.73134029999999,139.73603805,,,4.526e-05,5.546e-05,True,ldpc_decoder_energy_benchmark_cb_cells --pure --decoder avx512 --dematcher avx512 --threads 1 --cells 1 --reps 300000 --iters 5 --warmup 20 --idle 0 --energy-scope socket1 --rb 12 --symbols 4 --layers 1 --mod QPSK --rate 0.1533203125 --rv 0 --cpus 16,
1,1,1,12,1,2,2,QPSK,0.1884765625,216,75.34,76.359,77.459,80.031,82.474,91.538,100.428,384.118,2.856,2.577,5.0,,,113.73134029999999,139.73603805,,,4.467e-05,5.475e-05,True,ldpc_decoder_energy_benchmark_cb_cells --pure --decoder avx512 --dematcher avx512 --threads 1 --cells 1 --reps 300000 --iters 5 --warmup 20 --idle 0 --energy-scope socket1 --rb 12 --symbols 4 --layers 1 --mod QPSK --rate 0.1884765625 --rv 0 --cpus 16,
1,1,1,12,1,3,2,QPSK,0.2451171875,280,57.91,59.177,60.089,62.668,64.923,73.623,85.022,361.05,4.801,4.211,5.0,,,113.73134029999999,139.73603805,,,2.736e-05,3.353e-05,True,ldpc_decoder_energy_benchmark_cb_cells --pure --decoder avx512 --dematcher avx512 --threads 1 --cells 1 --reps 300000 --iters 5 --warmup 20 --idle 0 --energy-scope socket1 --rb 12 --symbols 4 --layers 1 --mod QPSK --rate 0.2451171875 --rv 0 --cpus 16,
1,1,1,12,1,4,2,QPSK,0.30078125,344,54.862,56.202,57.118,59.806,62.669,72.132,83.518,355.777,6.222,5.438,5.0,,,113.73134029999999,139.73603805,,,2.115e-05,2.594e-05,True,ldpc_decoder_energy_benchmark_cb_cells --pure --decoder avx512 --dematcher avx512 --threads 1 --cells 1 --reps 300000 --iters 5 --warmup 20 --idle 0 --energy-scope socket1 --rb 12 --symbols 4 --layers 1 --mod QPSK --rate 0.30078125 --rv 0 --cpus 16,
1,1,1,12,1,5,2,QPSK,0.3701171875,424,51.805,53.193,54.094,56.749,59.171,67.518,87.779,362.244,8.115,7.041,5.0,,,113.73134029999999,139.73603805,,,1.629e-05,1.999e-05,True,ldpc_decoder_energy_benchmark_cb_cells --pure --decoder avx512 --dematcher avx512 --threads 1 --cells 1 --reps 300000 --iters 5 --warmup 20 --idle 0 --energy-scope socket1 --rb 12 --symbols 4 --layers 1 --mod QPSK --rate 0.3701171875 --rv 0 --cpus 16,
1,1,1,12,1,6,2,QPSK,0.4384765625,504,50.007,51.295,52.175,54.8,57.266,67.846,81.288,368.966,10.001,8.62,5.0,,,113.73134029999999,139.73603805,,,1.333e-05,1.635e-05,True,ldpc_decoder_energy_benchmark_cb_cells --pure --decoder avx512 --dematcher avx512 --threads 1 --cells 1 --reps 300000 --iters 5 --warmup 20 --idle 0 --energy-scope socket1 --rb 12 --symbols 4 --layers 1 --mod QPSK --rate 0.4384765625 --rv 0 --cpus 16,
1,1,1,12,1,7,2,QPSK,0.513671875,584,47.728,48.974,49.821,52.408,54.802,64.464,71.248,359.192,12.137,10.428,5.0,,,113.73134029999999,139.73603805,,,1.098e-05,1.348e-05,True,ldpc_decoder_energy_benchmark_cb_cells --pure --decoder avx512 --dematcher avx512 --threads 1 --cells 1 --reps 300000 --iters 5 --warmup 20 --idle 0 --energy-scope socket1 --rb 12 --symbols 4 --layers 1 --mod QPSK --rate 0.513671875 --rv 0 --cpus 16,
1,1,1,12,1,8,2,QPSK,0.587890625,672,47.08,48.304,49.119,51.587,53.968,62.531,76.83,351.082,14.163,12.074,5.0,,,113.73134029999999,139.73603805,,,9.519e-06,1.167e-05,True,ldpc_decoder_energy_benchmark_cb_cells --pure --decoder avx512 --dematcher avx512 --threads 1 --cells 1 --reps 300000 --iters 5 --warmup 20 --idle 0 --energy-scope socket1 --rb 12 --symbols 4 --layers 1 --mod QPSK --rate 0.587890625 --rv 0 --cpus 16,
1,1,1,12,1,9,2,QPSK,0.6630859375,760,43.65,44.876,45.725,48.295,50.877,59.138,68.831,346.654,17.272,14.616,5.0,,,113.73134029999999,139.73603805,,,7.839e-06,9.624e-06,True,ldpc_decoder_energy_benchmark_cb_cells --pure --decoder avx512 --dematcher avx512 --threads 1 --cells 1 --reps 300000 --iters 5 --warmup 20 --idle 0 --energy-scope socket1 --rb 12 --symbols 4 --layers 1 --mod QPSK --rate 0.6630859375 --rv 0 --cpus 16,
1,1,1,18,1,0,2,QPSK,0.1171875,200,84.657,85.994,87.125,89.808,92.323,101.642,109.66,391.576,2.35,2.145,5.0,,,113.73134029999999,139.73603805,,,5.35e-05,6.562e-05,True,ldpc_decoder_energy_benchmark_cb_cells --pure --decoder avx512 --dematcher avx512 --threads 1 --cells 1 --reps 300000 --iters 5 --warmup 20 --idle 0 --energy-scope socket1 --rb 18 --symbols 4 --layers 1 --mod QPSK --rate 0.1171875 --rv 0 --cpus 16,
1,1,1,18,1,1,2,QPSK,0.1533203125,264,74.119,75.416,76.42,79.098,81.647,91.032,113.407,381.664,3.541,3.193,5.0,,,113.73134029999999,139.73603805,,,3.607e-05,4.42e-05,True,ldpc_decoder_energy_benchmark_cb_cells --pure --decoder avx512 --dematcher avx512 --threads 1 --cells 1 --reps 300000 --iters 5 --warmup 20 --idle 0 --energy-scope socket1 --rb 18 --symbols 4 --layers 1 --mod QPSK --rate 0.1533203125 --rv 0 --cpus 16,
1,1,1,18,1,2,2,QPSK,0.1884765625,320,69.065,70.464,71.41,74.209,76.658,85.947,145.136,416.637,4.604,4.132,5.0,,,113.73134029999999,139.73603805,,,2.806e-05,3.436e-05,True,ldpc_decoder_energy_benchmark_cb_cells --pure --decoder avx512 --dematcher avx512 --threads 1 --cells 1 --reps 300000 --iters 5 --warmup 20 --idle 0 --energy-scope socket1 --rb 18 --symbols 4 --layers 1 --mod QPSK --rate 0.1884765625 --rv 0 --cpus 16,
1,1,1,18,1,3,2,QPSK,0.2451171875,416,65.967,67.234,68.188,71.044,73.534,82.199,92.096,401.44,6.268,5.596,5.0,,,113.73134029999999,139.73603805,,,2.152e-05,2.619e-05,True,ldpc_decoder_energy_benchmark_cb_cells --pure --decoder avx512 --dematcher avx512 --threads 1 --cells 1 --reps 300000 --iters 5 --warmup 20 --idle 0 --energy-scope socket1 --rb 18 --symbols 4 --layers 1 --mod QPSK --rate 0.2451171875 --rv 0 --cpus 16,
1,1,1,18,1,4,2,QPSK,0.30078125,512,62.523,63.852,64.764,67.553,70.197,78.359,166.739,402.805,8.136,7.221,5.0,,,113.73134029999999,139.73603805,,,1.667e-05,2.029e-05,True,ldpc_decoder_energy_benchmark_cb_cells --pure --decoder avx512 --dematcher avx512 --threads 1 --cells 1 --reps 300000 --iters 5 --warmup 20 --idle 0 --energy-scope socket1 --rb 18 --symbols 4 --layers 1 --mod QPSK --rate 0.30078125 --rv 0 --cpus 16,
1,1,1,18,1,5,2,QPSK,0.3701171875,632,59.495,60.882,61.77,64.498,67.074,76.349,84.28,400.468,10.547,9.294,5.0,,,113.73134029999999,139.73603805,,,1.295e-05,1.577e-05,True,ldpc_decoder_energy_benchmark_cb_cells --pure --decoder avx512 --dematcher avx512 --threads 1 --cells 1 --reps 300000 --iters 5 --warmup 20 --idle 0 --energy-scope socket1 --rb 18 --symbols 4 --layers 1 --mod QPSK --rate 0.3701171875 --rv 0 --cpus 16,
1,1,1,18,1,6,2,QPSK,0.4384765625,752,56.6,58.049,58.916,61.661,64.333,73.201,87.145,398.54,13.182,11.536,5.0,,,113.73134029999999,139.73603805,,,1.043e-05,1.27e-05,True,ldpc_decoder_energy_benchmark_cb_cells --pure --decoder avx512 --dematcher avx512 --threads 1 --cells 1 --reps 300000 --iters 5 --warmup 20 --idle 0 --energy-scope socket1 --rb 18 --symbols 4 --layers 1 --mod QPSK --rate 0.4384765625 --rv 0 --cpus 16,
1,1,1,18,1,7,2,QPSK,0.513671875,880,48.226,49.561,50.386,53.113,55.543,63.77,69.299,390.258,18.098,15.541,5.0,,,113.73134029999999,139.73603805,,,7.753e-06,9.434e-06,True,ldpc_decoder_energy_benchmark_cb_cells --pure --decoder avx512 --dematcher avx512 --threads 1 --cells 1 --reps 300000 --iters 5 --warmup 20 --idle 0 --energy-scope socket1 --rb 18 --symbols 4 --layers 1 --mod QPSK --rate 0.513671875 --rv 0 --cpus 16,
1,1,1,18,1,8,2,QPSK,0.587890625,1008,47.263,48.748,49.565,52.307,54.962,63.398,69.75,389.249,21.129,18.027,5.0,,,113.73134029999999,139.73603805,,,6.684e-06,8.135e-06,True,ldpc_decoder_energy_benchmark_cb_cells --pure --decoder avx512 --dematcher avx512 --threads 1 --cells 1 --reps 300000 --iters 5 --warmup 20 --idle 0 --energy-scope socket1 --rb 18 --symbols 4 --layers 1 --mod QPSK --rate 0.587890625 --rv 0 --cpus 16,
1,1,1,18,1,9,2,QPSK,0.6630859375,1144,45.785,47.194,48.015,50.671,53.271,60.083,77.692,384.442,24.757,21.155,5.0,,,113.73134029999999,139.73603805,,,5.654e-06,6.896e-06,True,ldpc_decoder_energy_benchmark_cb_cells --pure --decoder avx512 --dematcher avx512 --threads 1 --cells 1 --reps 300000 --iters 5 --warmup 20 --idle 0 --energy-scope socket1 --rb 18 --symbols 4 --layers 1 --mod QPSK --rate 0.6630859375 --rv 0 --cpus 16,
1,1,1,25,1,0,2,QPSK,0.1171875,280,75.353,76.568,77.63,80.331,82.774,91.929,103.251,426.194,3.695,3.348,5.0,,,113.73134029999999,139.73603805,,,3.591e-05,4.371e-05,True,ldpc_decoder_energy_benchmark_cb_cells --pure --decoder avx512 --dematcher avx512 --threads 1 --cells 1 --reps 300000 --iters 5 --warmup 20 --idle 0 --energy-scope socket1 --rb 25 --symbols 4 --layers 1 --mod QPSK --rate 0.1171875 --rv 0 --cpus 16,
1,1,1,25,1,1,2,QPSK,0.1533203125,360,79.709,80.955,82.073,84.814,87.483,96.445,102.232,404.867,4.491,4.085,5.0,,,113.73134029999999,139.73603805,,,2.942e-05,3.582e-05,True,ldpc_decoder_energy_benchmark_cb_cells --pure --decoder avx512 --dematcher avx512 --threads 1 --cells 1 --reps 300000 --iters 5 --warmup 20 --idle 0 --energy-scope socket1 --rb 25 --symbols 4 --layers 1 --mod QPSK --rate 0.1533203125 --rv 0 --cpus 16,
1,1,1,25,1,2,2,QPSK,0.1884765625,448,78.921,80.179,81.215,83.898,86.308,96.524,108.428,406.768,5.645,5.114,5.0,,,113.73134029999999,139.73603805,,,2.349e-05,2.861e-05,True,ldpc_decoder_energy_benchmark_cb_cells --pure --decoder avx512 --dematcher avx512 --threads 1 --cells 1 --reps 300000 --iters 5 --warmup 20 --idle 0 --energy-scope socket1 --rb 25 --symbols 4 --layers 1 --mod QPSK --rate 0.1884765625 --rv 0 --cpus 16,
1,1,1,25,1,3,2,QPSK,0.2451171875,584,74.604,75.827,76.879,79.444,81.697,91.168,104.235,405.325,7.785,7.025,5.0,,,113.73134029999999,139.73603805,,,1.709e-05,2.081e-05,True,ldpc_decoder_energy_benchmark_cb_cells --pure --decoder avx512 --dematcher avx512 --threads 1 --cells 1 --reps 300000 --iters 5 --warmup 20 --idle 0 --energy-scope socket1 --rb 25 --symbols 4 --layers 1 --mod QPSK --rate 0.2451171875 --rv 0 --cpus 16,
1,1,1,25,1,4,2,QPSK,0.30078125,720,72.098,73.36,74.421,77.12,79.535,88.529,95.495,399.32,9.926,8.911,5.0,,,113.73134029999999,139.73603805,,,1.346e-05,1.64e-05,True,ldpc_decoder_energy_benchmark_cb_cells --pure --decoder avx512 --dematcher avx512 --threads 1 --cells 1 --reps 300000 --iters 5 --warmup 20 --idle 0 --energy-scope socket1 --rb 25 --symbols 4 --layers 1 --mod QPSK --rate 0.30078125 --rv 0 --cpus 16,
1,1,1,25,1,5,2,QPSK,0.3701171875,888,59.696,61.024,62.017,64.606,67.225,75.844,91.705,388.601,14.767,13.043,5.0,,,113.73134029999999,139.73603805,,,9.202e-06,1.122e-05,True,ldpc_decoder_energy_benchmark_cb_cells --pure --decoder avx512 --dematcher avx512 --threads 1 --cells 1 --reps 300000 --iters 5 --warmup 20 --idle 0 --energy-scope socket1 --rb 25 --symbols 4 --layers 1 --mod QPSK --rate 0.3701171875 --rv 0 --cpus 16,
1,1,1,25,1,6,2,QPSK,0.4384765625,1048,57.546,58.709,59.661,62.336,64.787,74.546,82.298,397.754,18.092,15.939,5.0,,,113.73134029999999,139.73603805,,,7.51e-06,9.157e-06,True,ldpc_decoder_energy_benchmark_cb_cells --pure --decoder avx512 --dematcher avx512 --threads 1 --cells 1 --reps 300000 --iters 5 --warmup 20 --idle 0 --energy-scope socket1 --rb 25 --symbols 4 --layers 1 --mod QPSK --rate 0.4384765625 --rv 0 --cpus 16,
1,1,1,25,1,7,2,QPSK,0.513671875,1232,49.163,50.491,51.371,53.989,56.536,65.435,85.333,381.592,24.865,21.381,5.0,,,113.73134029999999,139.73603805,,,5.609e-06,6.836e-06,True,ldpc_decoder_energy_benchmark_cb_cells --pure --decoder avx512 --dematcher avx512 --threads 1 --cells 1 --reps 300000 --iters 5 --warmup 20 --idle 0 --energy-scope socket1 --rb 25 --symbols 4 --layers 1 --mod QPSK --rate 0.513671875 --rv 0 --cpus 16,
1,1,1,25,1,8,2,QPSK,0.587890625,1408,54.824,56.14,57.071,59.734,62.203,70.861,76.191,389.767,25.48,22.192,5.0,,,113.73134029999999,139.73603805,,,5.396e-06,6.578e-06,True,ldpc_decoder_energy_benchmark_cb_cells --pure --decoder avx512 --dematcher avx512 --threads 1 --cells 1 --reps 300000 --iters 5 --warmup 20 --idle 0 --energy-scope socket1 --rb 25 --symbols 4 --layers 1 --mod QPSK --rate 0.587890625 --rv 0 --cpus 16,
1,1,1,25,1,9,2,QPSK,0.6630859375,1584,47.541,48.811,49.669,52.302,54.817,63.102,71.062,388.463,33.037,28.268,5.0,,,113.73134029999999,139.73603805,,,4.228e-06,5.153e-06,True,ldpc_decoder_energy_benchmark_cb_cells --pure --decoder avx512 --dematcher avx512 --threads 1 --cells 1 --reps 300000 --iters 5 --warmup 20 --idle 0 --energy-scope socket1 --rb 25 --symbols 4 --layers 1 --mod QPSK --rate 0.6630859375 --rv 0 --cpus 16,
1,1,1,37,1,0,2,QPSK,0.1171875,416,86.37,87.633,88.777,91.464,93.974,103.752,116.335,419.809,4.791,4.372,5.0,,,113.73134029999999,139.73603805,,,2.746e-05,3.345e-05,True,ldpc_decoder_energy_benchmark_cb_cells --pure --decoder avx512 --dematcher avx512 --threads 1 --cells 1 --reps 300000 --iters 5 --warmup 20 --idle 0 --energy-scope socket1 --rb 37 --symbols 4 --layers 1 --mod QPSK --rate 0.1171875 --rv 0 --cpus 16,
1,1,1,37,1,1,2,QPSK,0.1533203125,544,96.064,97.274,98.366,100.985,103.588,112.532,117.343,427.152,5.637,5.188,5.0,,,113.73134029999999,139.73603805,,,2.317e-05,2.821e-05,True,ldpc_decoder_energy_benchmark_cb_cells --pure --decoder avx512 --dematcher avx512 --threads 1 --cells 1 --reps 300000 --iters 5 --warmup 20 --idle 0 --energy-scope socket1 --rb 37 --symbols 4 --layers 1 --mod QPSK --rate 0.1533203125 --rv 0 --cpus 16,
1,1,1,37,1,2,2,QPSK,0.1884765625,664,96.948,98.137,99.189,101.753,104.105,113.13,119.789,426.025,6.82,6.289,5.0,,,113.73134029999999,139.73603805,,,1.915e-05,2.331e-05,True,ldpc_decoder_energy_benchmark_cb_cells --pure --decoder avx512 --dematcher avx512 --threads 1 --cells 1 --reps 300000 --iters 5 --warmup 20 --idle 0 --energy-scope socket1 --rb 37 --symbols 4 --layers 1 --mod QPSK --rate 0.1884765625 --rv 0 --cpus 16,
1,1,1,37,1,3,2,QPSK,0.2451171875,864,91.217,92.374,93.486,96.148,98.351,107.766,120.304,419.752,9.431,8.657,5.0,,,113.73134029999999,139.73603805,,,1.387e-05,1.69e-05,True,ldpc_decoder_energy_benchmark_cb_cells --pure --decoder avx512 --dematcher avx512 --threads 1 --cells 1 --reps 300000 --iters 5 --warmup 20 --idle 0 --energy-scope socket1 --rb 37 --symbols 4 --layers 1 --mod QPSK --rate 0.2451171875 --rv 0 --cpus 16,
1,1,1,37,1,4,2,QPSK,0.30078125,1064,75.182,76.375,77.393,80.122,82.459,91.674,98.718,404.666,14.075,12.728,5.0,,,113.73134029999999,139.73603805,,,9.421e-06,1.148e-05,True,ldpc_decoder_energy_benchmark_cb_cells --pure --decoder avx512 --dematcher avx512 --threads 1 --cells 1 --reps 300000 --iters 5 --warmup 20 --idle 0 --energy-scope socket1 --rb 37 --symbols 4 --layers 1 --mod QPSK --rate 0.30078125 --rv 0 --cpus 16,
1,1,1,37,1,5,2,QPSK,0.3701171875,1312,75.38,76.58,77.616,80.316,82.641,92.243,108.601,412.35,17.306,15.651,5.0,,,113.73134029999999,139.73603805,,,7.668e-06,9.341e-06,True,ldpc_decoder_energy_benchmark_cb_cells --pure --decoder avx512 --dematcher avx512 --threads 1 --cells 1 --reps 300000 --iters 5 --warmup 20 --idle 0 --energy-scope socket1 --rb 37 --symbols 4 --layers 1 --mod QPSK --rate 0.3701171875 --rv 0 --cpus 16,
1,1,1,37,1,6,2,QPSK,0.4384765625,1552,64.462,65.665,66.602,69.273,71.629,80.622,96.564,399.196,23.927,21.232,5.0,,,113.73134029999999,139.73603805,,,5.652e-06,6.885e-06,True,ldpc_decoder_energy_benchmark_cb_cells --pure --decoder avx512 --dematcher avx512 --threads 1 --cells 1 --reps 300000 --iters 5 --warmup 20 --idle 0 --energy-scope socket1 --rb 37 --symbols 4 --layers 1 --mod QPSK --rate 0.4384765625 --rv 0 --cpus 16,
1,1,1,37,1,7,2,QPSK,0.513671875,1824,57.2,58.552,59.437,62.393,65.762,72.644,79.832,388.827,31.648,27.75,5.0,,,113.73134029999999,139.73603805,,,4.325e-06,5.271e-06,True,ldpc_decoder_energy_benchmark_cb_cells --pure --decoder avx512 --dematcher avx512 --threads 1 --cells 1 --reps 300000 --iters 5 --warmup 20 --idle 0 --energy-scope socket1 --rb 37 --symbols 4 --layers 1 --mod QPSK --rate 0.513671875 --rv 0 --cpus 16,
1,1,1,37,1,8,2,QPSK,0.587890625,2088,57.983,59.302,60.176,63.0,66.343,73.674,79.964,397.671,35.738,31.323,5.0,,,113.73134029999999,139.73603805,,,3.836e-06,4.673e-06,True,ldpc_decoder_energy_benchmark_cb_cells --pure --decoder avx512 --dematcher avx512 --threads 1 --cells 1 --reps 300000 --iters 5 --warmup 20 --idle 0 --energy-scope socket1 --rb 37 --symbols 4 --layers 1 --mod QPSK --rate 0.587890625 --rv 0 --cpus 16,
1,1,1,37,1,9,2,QPSK,0.6630859375,2352,54.871,56.298,57.207,60.117,63.683,71.092,77.569,384.338,42.495,37.244,5.0,,,113.73134029999999,139.73603805,,,3.206e-06,3.911e-06,True,ldpc_decoder_energy_benchmark_cb_cells --pure --decoder avx512 --dematcher avx512 --threads 1 --cells 1 --reps 300000 --iters 5 --warmup 20 --idle 0 --energy-scope socket1 --rb 37 --symbols 4 --layers 1 --mod QPSK --rate 0.6630859375 --rv 0 --cpus 16,
1,1,1,50,1,0,2,QPSK,0.1171875,560,71.687,72.993,74.001,76.939,80.034,88.914,98.816,400.135,7.763,6.992,5.0,,,113.73134029999999,139.73603805,,,1.729e-05,2.104e-05,True,ldpc_decoder_energy_benchmark_cb_cells --pure --decoder avx512 --dematcher avx512 --threads 1 --cells 1 --reps 300000 --iters 5 --warmup 20 --idle 0 --energy-scope socket1 --rb 50 --symbols 4 --layers 1 --mod QPSK --rate 0.1171875 --rv 0 --cpus 16,
1,1,1,50,1,1,2,QPSK,0.1533203125,728,101.357,102.674,103.798,106.628,109.791,117.908,132.586,430.604,7.15,6.617,5.0,,,113.73134029999999,139.73603805,,,1.825e-05,2.22e-05,True,ldpc_decoder_energy_benchmark_cb_cells --pure --decoder avx512 --dematcher avx512 --threads 1 --cells 1 --reps 300000 --iters 5 --warmup 20 --idle 0 --energy-scope socket1 --rb 50 --symbols 4 --layers 1 --mod QPSK --rate 0.1533203125 --rv 0 --cpus 16,
1,1,1,50,1,2,2,QPSK,0.1884765625,904,91.849,93.305,94.346,97.26,100.285,108.965,187.991,431.942,9.791,9.001,5.0,,,113.73134029999999,139.73603805,,,1.343e-05,1.634e-05,True,ldpc_decoder_energy_benchmark_cb_cells --pure --decoder avx512 --dematcher avx512 --threads 1 --cells 1 --reps 300000 --iters 5 --warmup 20 --idle 0 --energy-scope socket1 --rb 50 --symbols 4 --layers 1 --mod QPSK --rate 0.1884765625 --rv 0 --cpus 16,
1,1,1,50,1,3,2,QPSK,0.2451171875,1176,92.833,94.137,95.148,97.898,100.571,109.603,131.439,432.883,12.609,11.556,5.0,,,113.73134029999999,139.73603805,,,1.046e-05,1.272e-05,True,ldpc_decoder_energy_benchmark_cb_cells --pure --decoder avx512 --dematcher avx512 --threads 1 --cells 1 --reps 300000 --iters 5 --warmup 20 --idle 0 --energy-scope socket1 --rb 50 --symbols 4 --layers 1 --mod QPSK --rate 0.2451171875 --rv 0 --cpus 16,
1,1,1,50,1,4,2,QPSK,0.30078125,1440,78.041,79.626,80.655,83.509,86.391,94.478,101.293,410.396,18.323,16.588,5.0,,,113.73134029999999,139.73603805,,,7.279e-06,8.859e-06,True,ldpc_decoder_energy_benchmark_cb_cells --pure --decoder avx512 --dematcher avx512 --threads 1 --cells 1 --reps 300000 --iters 5 --warmup 20 --idle 0 --energy-scope socket1 --rb 50 --symbols 4 --layers 1 --mod QPSK --rate 0.30078125 --rv 0 --cpus 16,
1,1,1,50,1,5,2,QPSK,0.3701171875,1776,70.922,72.246,73.212,76.018,78.692,87.796,117.422,404.475,24.891,22.363,5.0,,,113.73134029999999,139.73603805,,,5.392e-06,6.562e-06,True,ldpc_decoder_energy_benchmark_cb_cells --pure --decoder avx512 --dematcher avx512 --threads 1 --cells 1 --reps 300000 --iters 5 --warmup 20 --idle 0 --energy-scope socket1 --rb 50 --symbols 4 --layers 1 --mod QPSK --rate 0.3701171875 --rv 0 --cpus 16,
1,1,1,50,1,6,2,QPSK,0.4384765625,2104,69.739,71.103,72.088,74.839,77.502,86.173,97.392,410.524,29.967,26.887,5.0,,,113.73134029999999,139.73603805,,,4.466e-06,5.442e-06,True,ldpc_decoder_energy_benchmark_cb_cells --pure --decoder avx512 --dematcher avx512 --threads 1 --cells 1 --reps 300000 --iters 5 --warmup 20 --idle 0 --energy-scope socket1 --rb 50 --symbols 4 --layers 1 --mod QPSK --rate 0.4384765625 --rv 0 --cpus 16,
1,1,1,50,1,7,2,QPSK,0.513671875,2464,64.103,65.376,66.355,69.064,71.47,80.335,86.647,398.42,38.189,33.963,5.0,,,113.73134029999999,139.73603805,,,3.533e-06,4.305e-06,True,ldpc_decoder_energy_benchmark_cb_cells --pure --decoder avx512 --dematcher avx512 --threads 1 --cells 1 --reps 300000 --iters 5 --warmup 20 --idle 0 --energy-scope socket1 --rb 50 --symbols 4 --layers 1 --mod QPSK --rate 0.513671875 --rv 0 --cpus 16,
1,1,1,50,1,8,2,QPSK,0.587890625,2816,65.913,67.102,68.025,70.712,73.401,82.36,99.652,400.901,42.46,37.769,5.0,,,113.73134029999999,139.73603805,,,3.179e-06,3.874e-06,True,ldpc_decoder_energy_benchmark_cb_cells --pure --decoder avx512 --dematcher avx512 --threads 1 --cells 1 --reps 300000 --iters 5 --warmup 20 --idle 0 --energy-scope socket1 --rb 50 --symbols 4 --layers 1 --mod QPSK --rate 0.587890625 --rv 0 --cpus 16,
1,1,1,50,1,9,2,QPSK,0.6630859375,3176,62.056,63.348,64.299,67.01,69.39,77.106,87.591,400.225,50.821,45.068,5.0,,,113.73134029999999,139.73603805,,,2.658e-06,3.243e-06,True,ldpc_decoder_energy_benchmark_cb_cells --pure --decoder avx512 --dematcher avx512 --threads 1 --cells 1 --reps 300000 --iters 5 --warmup 20 --idle 0 --energy-scope socket1 --rb 50 --symbols 4 --layers 1 --mod QPSK --rate 0.6630859375 --rv 0 --cpus 16,
